uf;latitude;longitude;substancia
GO;-15916;-50058;Ouro
GO;-14549;-48738;Ouro
RN;-5835;-36130;Ouro
RR;2804;-61832;Ouro
RR;3395;-61973;Ouro
RR;3400;-62032;Ouro
RR;3452;-62332;Ouro
RO;-10373;-65364;Ouro
RO;-9487;-62340;Ouro
RO;-9263;-64651;Ouro
RO;-9336;-64733;Ouro
PA;-5500;-57541;Ouro
PA;-5725;-57311;Ouro
PA;-5536;-57172;Ouro
PA;-5599;-57068;Ouro
PA;-5545;-57068;Ouro
PA;-5856;-57032;Ouro
PA;-680;-56916;Ouro
PA;-6867;-56767;Ouro
PA;-5468;-56873;Ouro
PA;-6850;-56582;Ouro
RR;1459;-59965;Ouro
AM;-2173;-68603;Ouro
MT;-16168;-56460;Ouro
PA;-8117;-54965;Ouro
BA;-11787;-42585;Ouro
BA;-11566;-42486;Ouro
BA;-11433;-42505;Ouro
BA;-11425;-42551;Ouro
BA;-11478;-44973;Ouro
BA;-14159;-42595;Ouro
BA;-13482;-42032;Ouro
BA;-13239;-42134;Ouro
BA;-12839;-42173;Ouro
BA;-12989;-42211;Ouro
BA;-12800;-42203;Ouro
BA;-12875;-42192;Ouro
BA;-12775;-42211;Ouro
BA;-11367;-39000;Ouro
BA;-10967;-39302;Ouro
BA;-10887;-40436;Ouro
BA;-10889;-40399;Ouro
BA;-10845;-40417;Ouro
BA;-10923;-39275;Ouro
BA;-11192;-40510;Ouro
BA;-11291;-40518;Ouro
BA;-13148;-41785;Ouro
BA;-13313;-41811;Ouro
BA;-13578;-41820;Ouro
BA;-13605;-41953;Ouro
BA;-13712;-41613;Ouro
BA;-13414;-42189;Ouro
PA;-7902;-56581;Ouro
PA;-7305;-56676;Ouro
CE;-4408;-40734;Ouro
CE;-4128;-40569;Ouro
CE;-4039;-40439;Ouro
BA;-10757;-40420;Ouro
BA;-10783;-40420;Ouro
BA;-10953;-40456;Ouro
BA;-10745;-40384;Ouro
BA;-10725;-40386;Ouro
BA;-10775;-40478;Ouro
BA;-10831;-40484;Ouro
BA;-10900;-40436;Ouro
BA;-10950;-39282;Ouro
BA;-10937;-39286;Ouro
BA;-10924;-39306;Ouro
BA;-10920;-39327;Ouro
BA;-10959;-39225;Ouro
BA;-10988;-39288;Ouro
BA;-10944;-39519;Ouro
BA;-11059;-40478;Ouro
BA;-11056;-40495;Ouro
BA;-11042;-40496;Ouro
BA;-11007;-40477;Ouro
BA;-11038;-40478;Ouro
BA;-11285;-40516;Ouro
BA;-11248;-40525;Ouro
BA;-11355;-40528;Ouro
BA;-11396;-40532;Ouro
BA;-11257;-40511;Ouro
BA;-11162;-40510;Ouro
BA;-11267;-40516;Ouro
BA;-12746;-41521;Ouro
BA;-13252;-41585;Ouro
BA;-13269;-41592;Ouro
BA;-13285;-41867;Ouro
BA;-13312;-41874;Ouro
BA;-13311;-41864;Ouro
BA;-13334;-41848;Ouro
BA;-13335;-41867;Ouro
BA;-13453;-41861;Ouro
BA;-13460;-41860;Ouro
MG;-21829;-45575;Ouro
MG;-21828;-45578;Ouro
MG;-21825;-45571;Ouro
MG;-21835;-45565;Ouro
MG;-21814;-45565;Ouro
MG;-21839;-45555;Ouro
PA;-6430;-49690;Ouro
PA;-6840;-50480;Ouro
PA;-7330;-50320;Ouro
PA;-3340;-52120;Ouro
PA;-3644;-51860;Ouro
PA;-8620;-50710;Ouro
PA;-8858;-50170;Ouro
AP;3120;-52170;Ouro
AP;2790;-51520;Ouro
AP;1730;-51140;Ouro
AP;1730;-51180;Ouro
AP;1719;-51004;Ouro
AP;1626;-51241;Ouro
AP;2302;-51652;Ouro
AP;1080;-51954;Ouro
AP;1762;-50969;Ouro
AP;2280;-51650;Ouro
PA;-6304;-50981;Ouro
PA;505;-53684;Ouro
AP;646;-51687;Ouro
GO;-16224;-51615;Ouro
BA;-13521;-42191;Ouro
BA;-13532;-42148;Ouro
BA;-13531;-42150;Ouro
BA;-13375;-42228;Ouro
BA;-13370;-42232;Ouro
BA;-13359;-41777;Ouro
BA;-13531;-41967;Ouro
BA;-13560;-41918;Ouro
BA;-13016;-42193;Ouro
PB;-7025;-37659;Ouro
RN;-6275;-37146;Ouro
RN;-6264;-37102;Ouro
RN;-6200;-36283;Ouro
PA;-9358;-56564;Ouro
MT;-9464;-56575;Ouro
MT;-10208;-55027;Ouro
PI;-8483;-41877;Ouro
PA;-7055;-56960;Ouro
PA;-7061;-56934;Ouro
PA;-7051;-56899;Ouro
PA;-7072;-56821;Ouro
PA;-7026;-56548;Ouro
PA;-7062;-56431;Ouro
PA;-7710;-56406;Ouro
PA;-7855;-56718;Ouro
PA;-7897;-56682;Ouro
PA;-5183;-57602;Ouro
PA;-5226;-57607;Ouro
PA;-5198;-57589;Ouro
RO;-11991;-61731;Ouro
RO;-11886;-62756;Ouro
GO;-13971;-49192;Ouro
BA;-10934;-39395;Ouro
PA;-6422;-55975;Ouro
PA;-6421;-56055;Ouro
PA;-6419;-55971;Ouro
PA;-6379;-56354;Ouro
PA;-6375;-56278;Ouro
BA;-13462;-41873;Ouro
BA;-13498;-41952;Ouro
BA;-13510;-41932;Ouro
BA;-13542;-41977;Ouro
PB;-7312;-37411;Ouro
RS;-31014;-54319;Ouro
BA;-10998;-39250;Ouro
BA;-12834;-41317;Ouro
BA;-13725;-41025;Ouro
RS;-30339;-53747;Ouro
RS;-30381;-53672;Ouro
RS;-30780;-53922;Ouro
RS;-30799;-53879;Ouro
RS;-30527;-53400;Ouro
BA;-13567;-41888;Ouro
BA;-13589;-41621;Ouro
BA;-13594;-41920;Ouro
RO;-12218;-63538;Ouro
RR;3466;-63417;Ouro
RR;3593;-61643;Ouro
RR;3650;-62519;Ouro
RR;3709;-61728;Ouro
RR;3755;-63991;Ouro
PA;-5770;-50600;Ouro
AP;2540;-51710;Ouro
PA;-6243;-54478;Ouro
GO;-13628;-47290;Ouro
GO;-13538;-47109;Ouro
GO;-13692;-47448;Ouro
GO;-13761;-47448;Ouro
GO;-15664;-48970;Ouro
GO;-14250;-48617;Ouro
GO;-14844;-48590;Ouro
GO;-14620;-48374;Ouro
GO;-14202;-49227;Ouro
GO;-14665;-48986;Ouro
RR;495;-59422;Ouro
RR;489;-59428;Ouro
MG;-18734;-43408;Ouro
MG;-18884;-43286;Ouro
MG;-18782;-43485;Ouro
MG;-18644;-43413;Ouro
MG;-18942;-43448;Ouro
MG;-18626;-43416;Ouro
BA;-13093;-42420;Ouro
PA;-5213;-57573;Ouro
PA;-5935;-56536;Ouro
PA;-5948;-56519;Ouro
PA;-5938;-56527;Ouro
MG;-19315;-43451;Ouro
RR;3972;-64446;Ouro
RR;3351;-62027;Ouro
RR;3400;-62090;Ouro
RR;3500;-62289;Ouro
AM;666;-66234;Ouro
AM;583;-66150;Ouro
PA;-7112;-56889;Ouro
PA;-6375;-56275;Ouro
AP;1595;-54086;Ouro
GO;-15325;-50628;Ouro
GO;-14811;-49593;Ouro
GO;-14680;-48938;Ouro
AM;878;-63288;Ouro
AM;790;-63176;Ouro
MT;-14450;-56784;Ouro
MT;-15799;-56388;Ouro
MT;-16283;-56618;Ouro
MT;-16288;-56645;Ouro
MT;-16281;-56631;Ouro
CE;-4369;-40660;Ouro
CE;-4170;-40653;Ouro
RS;-30838;-53817;Ouro
RS;-30935;-52648;Ouro
RS;-30951;-52628;Ouro
MG;-17187;-46880;Ouro
GO;-15644;-50338;Ouro
GO;-14562;-49588;Ouro
GO;-13568;-48055;Ouro
GO;-14984;-49298;Ouro
GO;-14587;-48939;Ouro
GO;-15324;-49341;Ouro
GO;-15810;-49307;Ouro
GO;-15826;-48919;Ouro
GO;-17236;-48584;Ouro
GO;-17824;-48085;Ouro
MG;-15972;-43139;Ouro
MG;-21839;-45549;Ouro
MG;-21839;-45548;Ouro
MG;-21837;-45547;Ouro
MG;-21841;-45547;Ouro
MG;-21843;-45537;Ouro
MG;-21845;-45536;Ouro
MG;-21832;-45536;Ouro
MG;-21841;-45531;Ouro
MG;-21818;-45539;Ouro
MG;-21815;-45538;Ouro
MG;-21825;-45525;Ouro
MG;-21823;-45521;Ouro
MG;-21821;-45510;Ouro
MG;-21832;-45505;Ouro
MG;-21830;-45555;Ouro
MG;-21831;-45452;Ouro
MG;-21831;-45447;Ouro
MG;-21814;-45425;Ouro
MG;-21822;-45420;Ouro
MG;-21821;-45403;Ouro
MG;-21836;-45417;Ouro
MG;-21840;-45410;Ouro
MG;-21842;-45413;Ouro
MG;-21850;-45423;Ouro
MG;-21820;-45386;Ouro
MG;-21824;-45380;Ouro
MG;-21835;-45394;Ouro
MA;-1270;-46030;Ouro
MA;-1930;-45920;Ouro
PA;-6440;-52036;Ouro
RS;-32246;-53514;Ouro
PA;-7340;-50580;Ouro
PA;-7340;-50620;Ouro
PA;-7267;-50650;Ouro
PA;-7320;-50660;Ouro
PA;-7350;-50700;Ouro
RR;509;-59413;Ouro
PE;-7309;-37257;Ouro
RN;-6443;-37194;Ouro
PA;-5085;-57440;Ouro
AM;-5663;-58035;Ouro
PA;-6267;-57418;Ouro
PA;-5998;-57366;Ouro
PA;-6017;-57372;Ouro
GO;-15385;-49019;Ouro
GO;-15462;-50363;Ouro
GO;-15915;-50676;Ouro
GO;-16310;-52053;Ouro
GO;-16352;-50945;Ouro
TO;-13384;-47701;Ouro
TO;-10962;-48586;Ouro
TO;-11066;-48625;Ouro
TO;-10818;-48576;Ouro
GO;-16610;-49880;Ouro
MG;-19962;-43468;Ouro
MG;-19952;-43450;Ouro
MG;-19995;-43455;Ouro
MG;-19972;-43208;Ouro
MG;-19955;-43180;Ouro
MG;-19880;-43407;Ouro
MG;-19630;-43237;Ouro
MG;-19943;-43557;Ouro
MG;-19950;-43657;Ouro
MG;-19968;-43689;Ouro
MG;-19940;-43655;Ouro
MG;-19975;-43718;Ouro
MG;-19955;-43721;Ouro
MG;-19927;-43723;Ouro
MG;-19922;-43694;Ouro
MG;-19902;-43683;Ouro
MG;-19884;-43691;Ouro
MG;-19877;-43679;Ouro
MG;-19867;-43684;Ouro
MG;-19863;-43674;Ouro
MG;-19817;-43653;Ouro
MG;-19819;-43651;Ouro
MG;-19787;-43638;Ouro
MG;-19905;-43725;Ouro
MG;-19819;-43879;Ouro
MG;-19930;-43732;Ouro
MG;-19912;-43768;Ouro
MG;-19925;-43772;Ouro
MG;-19930;-43800;Ouro
MG;-19888;-43791;Ouro
MG;-19974;-43812;Ouro
MG;-19967;-43817;Ouro
MG;-19603;-43805;Ouro
MT;-16267;-56767;Ouro
MT;-16257;-56621;Ouro
MT;-16088;-56570;Ouro
BA;-10996;-40453;Ouro
BA;-11453;-42507;Ouro
BA;-13450;-42006;Ouro
BA;-13578;-41800;Ouro
BA;-13600;-41803;Ouro
BA;-13617;-41823;Ouro
BA;-13644;-41839;Ouro
BA;-13712;-41984;Ouro
BA;-14982;-39928;Ouro
BA;-15967;-39668;Ouro
MG;-21845;-45396;Ouro
MG;-21854;-45403;Ouro
MG;-21857;-45406;Ouro
MG;-21838;-45389;Ouro
MG;-21838;-45385;Ouro
MG;-21845;-45377;Ouro
MG;-21846;-45374;Ouro
MG;-21826;-45373;Ouro
BA;-11466;-42499;Ouro
BA;-12020;-42545;Ouro
BA;-11612;-42574;Ouro
BA;-11576;-42484;Ouro
BA;-11562;-42479;Ouro
BA;-11482;-42528;Ouro
BA;-11473;-42468;Ouro
BA;-11460;-42499;Ouro
BA;-11459;-42518;Ouro
PB;-7170;-38092;Ouro
PB;-7009;-37646;Ouro
PB;-7475;-38392;Ouro
PB;-7125;-37529;Ouro
PB;-7125;-37550;Ouro
PB;-7135;-37559;Ouro
PB;-7250;-37509;Ouro
PB;-7559;-38100;Ouro
RO;-8473;-63537;Ouro
RO;-9600;-65112;Ouro
RO;-11826;-61900;Ouro
RO;-9611;-65422;Ouro
RO;-10161;-62799;Ouro
RO;-8734;-63924;Ouro
RO;-8767;-63918;Ouro
RO;-8588;-63713;Ouro
RO;-8577;-63715;Ouro
RO;-13264;-60364;Ouro
RO;-10348;-65363;Ouro
RO;-13109;-60427;Ouro
RO;-13073;-60537;Ouro
RO;-12927;-60946;Ouro
RO;-11800;-62075;Ouro
RO;-11817;-62068;Ouro
AP;2031;-51026;Ouro
AP;1825;-51023;Ouro
AP;1532;-50949;Ouro
AP;1473;-51419;Ouro
AP;2510;-51760;Ouro
AP;2470;-51790;Ouro
AP;1320;-51179;Ouro
AP;2350;-51670;Ouro
AP;1217;-51224;Ouro
AP;2320;-51660;Ouro
AP;2330;-51600;Ouro
AP;1173;-51259;Ouro
AP;2294;-51644;Ouro
AP;2280;-51610;Ouro
AP;1530;-52730;Ouro
AP;1056;-51924;Ouro
AP;1660;-51060;Ouro
PE;-7711;-39277;Ouro
PA;1440;-54180;Ouro
AP;2347;-51683;Ouro
PA;-6009;-52086;Ouro
PA;-6067;-50728;Ouro
PA;-6088;-51869;Ouro
PA;-6190;-52178;Ouro
AP;1480;-50937;Ouro
PA;-6207;-50780;Ouro
AP;1500;-50920;Ouro
AP;1500;-50890;Ouro
AM;1449;-68108;Ouro
AM;209;-64807;Ouro
AM;-6745;-62361;Ouro
MG;-20301;-43594;Ouro
MG;-20300;-43579;Ouro
MG;-20167;-43613;Ouro
MG;-20300;-44097;Ouro
MG;-20285;-43897;Ouro
MG;-20322;-43902;Ouro
MG;-20354;-43878;Ouro
MG;-20530;-43821;Ouro
MG;-20533;-43804;Ouro
MG;-20557;-43778;Ouro
MG;-20567;-43775;Ouro
MG;-20576;-43785;Ouro
MG;-20607;-43726;Ouro
MG;-20017;-43468;Ouro
MG;-20022;-43463;Ouro
MG;-20038;-43466;Ouro
MG;-20163;-43417;Ouro
MG;-20194;-43359;Ouro
MG;-20241;-43425;Ouro
MG;-20255;-42915;Ouro
MG;-20355;-43432;Ouro
MG;-20370;-43471;Ouro
MG;-20376;-43458;Ouro
MG;-20376;-43425;Ouro
MG;-20340;-43273;Ouro
MG;-18625;-43556;Ouro
MG;-18623;-43757;Ouro
MG;-18664;-43814;Ouro
CE;-3960;-40439;Ouro
RR;4867;-60015;Ouro
RR;4527;-60173;Ouro
MG;-21820;-45436;Ouro
MG;-21822;-45438;Ouro
MG;-21824;-45439;Ouro
MG;-21824;-45438;Ouro
MG;-21826;-45435;Ouro
MG;-21828;-45431;Ouro
MG;-21824;-45429;Ouro
MG;-21839;-45416;Ouro
MG;-20089;-41897;Ouro
MG;-17454;-42972;Ouro
RR;2364;-59985;Ouro
RR;2863;-59992;Ouro
MT;-16252;-56621;Ouro
MT;-16270;-56630;Ouro
MT;-16295;-56644;Ouro
MT;-16292;-56605;Ouro
MT;-16226;-56647;Ouro
MT;-16069;-56685;Ouro
MT;-15957;-56293;Ouro
MT;-15885;-56249;Ouro
MT;-15624;-56277;Ouro
MT;-15687;-56350;Ouro
GO;-15775;-48954;Ouro
BA;-13428;-42159;Ouro
BA;-13395;-42200;Ouro
BA;-13510;-42145;Ouro
BA;-13682;-41034;Ouro
BA;-13698;-41017;Ouro
BA;-13584;-41964;Ouro
BA;-11605;-37960;Ouro
RS;-30819;-53944;Ouro
RO;-11791;-62182;Ouro
RO;-11764;-62182;Ouro
RO;-11778;-62158;Ouro
RO;-11687;-62195;Ouro
RO;-11651;-62200;Ouro
RO;-11653;-62185;Ouro
RO;-11742;-62100;Ouro
RO;-11742;-62077;Ouro
RO;-11812;-62057;Ouro
RO;-11205;-60738;Ouro
RO;-11605;-62368;Ouro
RO;-11623;-62336;Ouro
RO;-11626;-62299;Ouro
RO;-11590;-62332;Ouro
RO;-11922;-62323;Ouro
RO;-11932;-62312;Ouro
RO;-11902;-62222;Ouro
RO;-11939;-62205;Ouro
RO;-11937;-62142;Ouro
RO;-11943;-62079;Ouro
PA;-6460;-52090;Ouro
PA;-6520;-51860;Ouro
PA;-6320;-52380;Ouro
PA;-6670;-50010;Ouro
PA;-6680;-51120;Ouro
PA;-6700;-51080;Ouro
PA;-6720;-51180;Ouro
PA;-6440;-51910;Ouro
PA;-6492;-51667;Ouro
PA;-6492;-51887;Ouro
PA;-6500;-51930;Ouro
PA;-6500;-51970;Ouro
PA;-7510;-50240;Ouro
PA;-7590;-50630;Ouro
PA;-7660;-50880;Ouro
PA;-7690;-50850;Ouro
PA;-7730;-50490;Ouro
PA;-6205;-50711;Ouro
PA;-6201;-50626;Ouro
PA;-6223;-50573;Ouro
PA;-6271;-52165;Ouro
PA;-6389;-52192;Ouro
PA;-6345;-50948;Ouro
PA;-6406;-50421;Ouro
PA;-6438;-50479;Ouro
PA;-6467;-50516;Ouro
PA;-6426;-50072;Ouro
PA;-6913;-51680;Ouro
PA;-7951;-50732;Ouro
PA;-5491;-50057;Ouro
AP;910;-51870;Ouro
AP;720;-52320;Ouro
AP;700;-52360;Ouro
PA;-7360;-50820;Ouro
PA;-7400;-50560;Ouro
PA;-7380;-49900;Ouro
PA;-7423;-49853;Ouro
PA;-7437;-49827;Ouro
PA;-3520;-52030;Ouro
PA;-3580;-51750;Ouro
PA;-3630;-51910;Ouro
PA;-3650;-51730;Ouro
PA;-3760;-51470;Ouro
PA;-3800;-51090;Ouro
PA;-6108;-49703;Ouro
RR;2966;-63196;Ouro
RR;2279;-63268;Ouro
RR;2283;-63243;Ouro
RR;2590;-63827;Ouro
RR;2531;-63609;Ouro
RR;2524;-63692;Ouro
RR;2513;-63722;Ouro
PA;-6851;-56693;Ouro
PA;-6791;-56607;Ouro
PA;-7059;-56932;Ouro
PA;-7064;-56900;Ouro
PA;-7142;-56848;Ouro
PA;-5956;-56646;Ouro
AP;2990;-52100;Ouro
AP;982;-52293;Ouro
PA;490;-53610;Ouro
MT;-10078;-59499;Ouro
MT;-9381;-56556;Ouro
MT;-9519;-56460;Ouro
PA;-9227;-57000;Ouro
MT;-10221;-55079;Ouro
MT;-10834;-55450;Ouro
RO;-11916;-62281;Ouro
RO;-11617;-62332;Ouro
RO;-11408;-64071;Ouro
RO;-11108;-62407;Ouro
RO;-11839;-62290;Ouro
RO;-9382;-65382;Ouro
RO;-10855;-62844;Ouro
RO;-8785;-63933;Ouro
RO;-10221;-65277;Ouro
RO;-13164;-60446;Ouro
RO;-9539;-64867;Ouro
PA;-6380;-50140;Ouro
AM;1009;-63188;Ouro
AM;997;-63164;Ouro
AM;868;-63282;Ouro
AM;798;-63178;Ouro
AM;842;-63324;Ouro
MG;-20342;-43216;Ouro
MG;-20338;-43109;Ouro
MG;-20381;-43380;Ouro
MG;-20561;-43280;Ouro
MG;-21151;-44446;Ouro
MG;-21185;-44330;Ouro
MG;-21135;-44267;Ouro
MG;-21119;-44214;Ouro
MG;-21140;-44173;Ouro
MG;-21025;-44128;Ouro
MG;-19690;-42880;Ouro
PB;-7021;-37650;Ouro
GO;-14910;-49202;Ouro
GO;-14477;-48358;Ouro
GO;-14133;-48567;Ouro
PA;-7113;-56822;Ouro
PA;-7034;-56567;Ouro
PA;-6384;-56284;Ouro
PA;-6367;-54717;Ouro
PA;-6234;-55850;Ouro
AM;-5284;-58184;Ouro
RR;4737;-60605;Ouro
RR;4583;-60150;Ouro
RR;1613;-61964;Ouro
PA;-5439;-56875;Ouro
MT;-16280;-56614;Ouro
MT;-16243;-56658;Ouro
MT;-16267;-56717;Ouro
MT;-16259;-56614;Ouro
MT;-16194;-56611;Ouro
MT;-16111;-56586;Ouro
MT;-16192;-56427;Ouro
MT;-16160;-56414;Ouro
MT;-16141;-56397;Ouro
MT;-15550;-56088;Ouro
MT;-15405;-55973;Ouro
MT;-15788;-55647;Ouro
MT;-15634;-56067;Ouro
MT;-15452;-56035;Ouro
AP;640;-52150;Ouro
PA;520;-53740;Ouro
PA;-423;-53694;Ouro
PA;-3763;-51317;Ouro
PA;-6810;-51150;Ouro
PA;-6810;-50600;Ouro
PA;-6780;-50410;Ouro
PA;-6790;-50210;Ouro
PA;-6840;-50150;Ouro
PA;-6910;-50170;Ouro
PA;-6920;-50130;Ouro
PA;-6870;-49970;Ouro
PA;-6920;-49900;Ouro
PA;-6858;-49820;Ouro
PA;-6880;-49790;Ouro
PA;-6870;-51030;Ouro
PA;-6930;-51030;Ouro
PA;-6960;-51050;Ouro
PA;-6870;-51190;Ouro
PA;-6840;-51230;Ouro
PA;-6840;-51260;Ouro
PA;-6880;-51280;Ouro
PA;-6920;-51240;Ouro
PA;-7040;-50930;Ouro
PA;-7010;-49900;Ouro
PA;-7210;-50670;Ouro
PA;-7220;-50630;Ouro
PA;-7120;-50120;Ouro
PA;-7170;-50150;Ouro
PA;-7140;-49960;Ouro
PA;-7170;-49880;Ouro
PA;-7217;-49944;Ouro
PA;-7240;-49800;Ouro
PA;-7790;-50740;Ouro
PA;-7780;-50810;Ouro
PA;-7790;-50860;Ouro
PA;-7770;-50920;Ouro
PA;-7810;-50960;Ouro
PA;-7840;-51000;Ouro
PA;-7830;-50910;Ouro
PA;-7920;-50910;Ouro
PA;-5989;-49535;Ouro
PA;-7442;-49780;Ouro
PA;-8658;-50830;Ouro
PA;-8654;-50870;Ouro
PA;-8675;-50670;Ouro
PA;-8858;-50250;Ouro
PA;-8725;-50337;Ouro
PA;-8675;-50320;Ouro
PA;-8650;-50330;Ouro
PA;-8710;-50887;Ouro
PA;-7775;-51000;Ouro
AP;3807;-51851;Ouro
AP;3810;-51783;Ouro
AP;3355;-51849;Ouro
AP;1580;-51060;Ouro
AP;1570;-51010;Ouro
AP;1550;-50920;Ouro
AP;1480;-50940;Ouro
AP;1450;-50880;Ouro
AP;1210;-51650;Ouro
AP;1120;-52200;Ouro
AP;1110;-52240;Ouro
AP;1010;-51730;Ouro
AP;1675;-51849;Ouro
AP;1000;-52160;Ouro
AP;1510;-51960;Ouro
PA;-5332;-50868;Ouro
AP;2280;-51666;Ouro
AP;1604;-51260;Ouro
PA;-5369;-50699;Ouro
AP;2298;-51648;Ouro
PA;-5408;-50652;Ouro
AP;2282;-51663;Ouro
AP;3160;-52330;Ouro
AP;2950;-52090;Ouro
PA;-5060;-50165;Ouro
PA;-5212;-50277;Ouro
PA;-5238;-49614;Ouro
PA;-5244;-49541;Ouro
PA;-5366;-49784;Ouro
AP;2920;-52090;Ouro
AP;2890;-52080;Ouro
AP;2850;-52080;Ouro
AM;921;-63226;Ouro
RR;3309;-63755;Ouro
RR;3291;-63690;Ouro
RR;3239;-63789;Ouro
RR;2495;-63735;Ouro
RR;2511;-63727;Ouro
RR;2509;-63742;Ouro
RR;2495;-63772;Ouro
RR;2531;-63792;Ouro
RR;2515;-63717;Ouro
RR;2477;-63729;Ouro
AM;1894;-68113;Ouro
AM;1941;-68131;Ouro
AM;1812;-68135;Ouro
AM;1844;-68207;Ouro
RR;2520;-63657;Ouro
RR;2479;-63681;Ouro
RR;2518;-63769;Ouro
RR;2520;-63706;Ouro
RR;2511;-63706;Ouro
AM;-744;-69609;Ouro
AM;-670;-69550;Ouro
AM;-966;-69458;Ouro
AM;-953;-69410;Ouro
MG;-20053;-43952;Ouro
MG;-20037;-43793;Ouro
MG;-20074;-43865;Ouro
MG;-20014;-43501;Ouro
MG;-20026;-43508;Ouro
MG;-20222;-43863;Ouro
MG;-20140;-43793;Ouro
MG;-20246;-43848;Ouro
MG;-20145;-43741;Ouro
MG;-19508;-41466;Ouro
MG;-20024;-41865;Ouro
MG;-19942;-44438;Ouro
MG;-19948;-44423;Ouro
RO;-12137;-61163;Ouro
RO;-12108;-61156;Ouro
RS;-30812;-53820;Ouro
PE;-7873;-39275;Ouro
PE;-7840;-39271;Ouro
PE;-7854;-39258;Ouro
PE;-7830;-39274;Ouro
PE;-7834;-39203;Ouro
PE;-7754;-39233;Ouro
PE;-7774;-39313;Ouro
PE;-7945;-39349;Ouro
PE;-7937;-39326;Ouro
PE;-7811;-39301;Ouro
PE;-7930;-39316;Ouro
AM;-2146;-69126;Ouro
PA;-425;-57203;Ouro
PA;-7440;-49780;Ouro
PA;-7690;-50750;Ouro
PA;-7760;-50730;Ouro
PA;-7770;-50960;Ouro
PA;-5935;-49621;Ouro
PA;-6790;-50460;Ouro
PA;-6870;-50180;Ouro
PA;-6880;-50130;Ouro
PA;-6850;-50990;Ouro
PA;-6930;-51100;Ouro
PA;-7160;-50670;Ouro
PA;-7170;-49930;Ouro
PA;-7300;-50040;Ouro
PA;-3580;-51927;Ouro
PA;-3710;-51540;Ouro
AP;3450;-52020;Ouro
AP;2458;-51178;Ouro
AP;1589;-51294;Ouro
AP;1522;-50987;Ouro
AP;1520;-51050;Ouro
AP;1040;-52140;Ouro
PA;-5295;-49891;Ouro
PA;-5470;-49666;Ouro
PA;-6015;-52186;Ouro
PA;-5948;-49866;Ouro
PA;-6115;-52008;Ouro
PA;-6141;-50667;Ouro
PA;-6460;-50309;Ouro
PA;-6515;-52082;Ouro
PA;-6616;-51960;Ouro
PA;-6806;-51834;Ouro
PA;-7848;-50551;Ouro
RR;3431;-62131;Ouro
RR;3540;-63341;Ouro
PA;490;-53690;Ouro
BA;-9837;-41609;Ouro
GO;-14828;-49570;Ouro
MG;-21816;-45434;Ouro
MG;-21829;-45445;Ouro
MG;-21816;-45444;Ouro
MG;-21822;-45442;Ouro
MG;-21824;-45435;Ouro
RO;-13000;-60817;Ouro
RO;-11150;-63867;Ouro
RN;-6213;-36294;Ouro
PA;-6331;-49854;Ouro
PA;-6551;-52054;Ouro
PA;-6563;-51838;Ouro
PA;-6597;-51788;Ouro
PA;-6645;-50637;Ouro
PA;-6625;-50563;Ouro
PA;-6651;-50262;Ouro
PA;-6758;-50261;Ouro
PA;-6742;-50359;Ouro
PA;-6769;-51883;Ouro
PA;-6801;-51784;Ouro
PA;-6895;-51160;Ouro
PA;-6829;-49972;Ouro
PA;-6964;-49917;Ouro
PA;-7052;-50633;Ouro
PA;-7098;-50583;Ouro
PA;-7144;-50564;Ouro
PA;-7155;-50527;Ouro
PA;-7184;-50604;Ouro
PA;-7144;-50644;Ouro
PA;-7110;-49951;Ouro
PA;-7256;-50868;Ouro
PA;-7353;-50731;Ouro
PA;-7625;-50709;Ouro
PA;-7664;-50485;Ouro
PA;-7776;-50455;Ouro
AP;700;-52210;Ouro
AP;690;-52260;Ouro
AP;670;-52200;Ouro
AP;670;-52190;Ouro
AP;620;-52160;Ouro
AP;580;-52310;Ouro
AP;580;-52270;Ouro
PA;-3629;-51799;Ouro
PA;-118;-53933;Ouro
PA;530;-53780;Ouro
PA;-149;-53904;Ouro
PA;-178;-53850;Ouro
PA;-175;-53810;Ouro
AM;-928;-69395;Ouro
AM;-850;-69406;Ouro
AM;-845;-69433;Ouro
AM;-856;-69485;Ouro
AM;-854;-69542;Ouro
AM;-818;-69530;Ouro
AM;-809;-69406;Ouro
AM;-805;-69388;Ouro
AM;-755;-69395;Ouro
AM;-750;-69444;Ouro
AM;-768;-69496;Ouro
AM;-726;-69482;Ouro
AM;-726;-69523;Ouro
AM;-663;-69545;Ouro
AM;-653;-69537;Ouro
RR;2542;-63749;Ouro
RR;2619;-63861;Ouro
RR;2828;-63295;Ouro
RR;2524;-63797;Ouro
RR;2587;-63717;Ouro
RR;2290;-62823;Ouro
RR;3267;-63366;Ouro
RR;3283;-63105;Ouro
RR;2238;-63198;Ouro
RR;2535;-63771;Ouro
RR;3021;-62971;Ouro
RR;3934;-62687;Ouro
GO;-13998;-49088;Ouro
AM;-485;-69532;Ouro
AM;-473;-69537;Ouro
AM;-453;-69527;Ouro
AM;-440;-69532;Ouro
AM;-403;-69548;Ouro
AM;-406;-69561;Ouro
AM;-376;-69631;Ouro
AM;-388;-69638;Ouro
AM;-327;-69623;Ouro
PA;-7680;-56158;Ouro
PA;-7865;-56563;Ouro
PA;-7212;-56727;Ouro
PA;-7140;-57338;Ouro
PA;-6328;-56199;Ouro
PA;-5587;-56709;Ouro
PA;-6103;-56289;Ouro
PA;-6784;-56682;Ouro
PA;-5176;-56838;Ouro
PA;-7950;-55067;Ouro
PA;-7312;-56752;Ouro
PA;-5356;-56356;Ouro
PA;-5347;-56970;Ouro
PA;-4448;-53716;Ouro
PA;-6358;-56099;Ouro
AM;-604;-69584;Ouro
AM;-593;-69471;Ouro
AM;-608;-69539;Ouro
MG;-21909;-45614;Ouro
MG;-21895;-45617;Ouro
MG;-21837;-45525;Ouro
MG;-21823;-45431;Ouro
MG;-18400;-43800;Ouro
MG;-17800;-43633;Ouro
GO;-14232;-48611;Ouro
BA;-13516;-42134;Ouro
BA;-13573;-41863;Ouro
BA;-13624;-41907;Ouro
GO;-15843;-48869;Ouro
PA;-167;-53001;Ouro
PA;-246;-53736;Ouro
PA;-284;-53708;Ouro
PA;-3688;-51634;Ouro
PA;-3703;-51485;Ouro
PA;-3723;-51395;Ouro
PA;-3840;-51389;Ouro
PA;-681;-54648;Ouro
PA;570;-53700;Ouro
AP;702;-52172;Ouro
PA;520;-53650;Ouro
PA;390;-53740;Ouro
PA;390;-53700;Ouro
PA;380;-53840;Ouro
PA;400;-53770;Ouro
PA;340;-53830;Ouro
PA;357;-53803;Ouro
PA;340;-53770;Ouro
PA;300;-53870;Ouro
AP;450;-51810;Ouro
AP;390;-51730;Ouro
AP;952;-52147;Ouro
AP;982;-52076;Ouro
AP;961;-51725;Ouro
AP;840;-51998;Ouro
RO;-12418;-64418;Ouro
RO;-12933;-60946;Ouro
RO;-11783;-62090;Ouro
RO;-11150;-60738;Ouro
RO;-11611;-62365;Ouro
RO;-11614;-62310;Ouro
RO;-11995;-62122;Ouro
RO;-11571;-62360;Ouro
PA;410;-53790;Ouro
PA;310;-53790;Ouro
PA;300;-53830;Ouro
AP;416;-51738;Ouro
AP;601;-52155;Ouro
PA;679;-53769;Ouro
PA;284;-53756;Ouro
PA;260;-53354;Ouro
PA;139;-53262;Ouro
RO;-11429;-61724;Ouro
RO;-11840;-61305;Ouro
RO;-13000;-60267;Ouro
RR;3818;-61737;Ouro
BA;-11006;-39304;Ouro
BA;-13277;-41895;Ouro
BA;-13524;-41920;Ouro
BA;-13544;-41850;Ouro
BA;-11409;-42661;Ouro
BA;-11395;-42665;Ouro
BA;-14935;-42480;Ouro
BA;-14906;-42503;Ouro
BA;-14014;-42539;Ouro
BA;-13600;-42549;Ouro
BA;-13492;-42192;Ouro
BA;-13392;-42217;Ouro
BA;-13435;-42055;Ouro
BA;-13480;-42021;Ouro
BA;-13492;-42041;Ouro
BA;-13509;-42059;Ouro
BA;-13357;-42198;Ouro
BA;-13501;-42181;Ouro
BA;-13100;-42224;Ouro
BA;-13109;-42218;Ouro
BA;-13099;-42166;Ouro
MA;-1420;-45610;Ouro
MA;-1320;-45580;Ouro
PA;-1240;-46170;Ouro
RR;2482;-63794;Ouro
RR;3720;-63660;Ouro
RR;3753;-63987;Ouro
RR;2452;-62827;Ouro
RR;2549;-63234;Ouro
RR;3548;-63830;Ouro
RR;2198;-63329;Ouro
AM;2193;-63387;Ouro
RR;2603;-63052;Ouro
RR;2193;-63286;Ouro
RR;2614;-63236;Ouro
RR;2603;-63018;Ouro
RR;2756;-62910;Ouro
RR;2759;-62904;Ouro
RR;2754;-62872;Ouro
RR;2704;-62713;Ouro
RR;2691;-62596;Ouro
RR;2614;-62951;Ouro
RR;2592;-62982;Ouro
AM;1767;-67944;Ouro
AM;1736;-67984;Ouro
AM;1821;-67894;Ouro
AM;1811;-67928;Ouro
AM;1842;-68041;Ouro
AM;1853;-68086;Ouro
AM;1824;-68149;Ouro
AM;1792;-68169;Ouro
AM;1797;-68194;Ouro
AM;1824;-68221;Ouro
AM;1860;-68156;Ouro
AM;1905;-68199;Ouro
RR;2632;-63198;Ouro
AP;805;-51974;Ouro
AP;803;-51892;Ouro
AP;770;-52361;Ouro
AP;651;-52221;Ouro
PA;688;-53963;Ouro
PA;642;-53911;Ouro
PA;641;-53847;Ouro
PA;518;-53717;Ouro
PA;453;-53597;Ouro
PA;454;-53732;Ouro
PA;376;-53586;Ouro
PA;313;-53461;Ouro
PA;174;-53292;Ouro
PA;190;-53251;Ouro
PA;164;-53110;Ouro
PA;99;-53199;Ouro
PA;59;-53228;Ouro
PA;75;-53160;Ouro
AP;278;-52044;Ouro
AP;296;-51719;Ouro
AP;275;-51676;Ouro
AP;491;-51766;Ouro
AC;-10950;-70334;Ouro
RO;-12167;-61100;Ouro
RO;-8735;-63926;Ouro
RO;-11705;-61276;Ouro
GO;-17685;-48095;Ouro
RR;2914;-63160;Ouro
RR;2360;-63286;Ouro
RR;2531;-63670;Ouro
RR;2533;-63805;Ouro
RR;2898;-63263;Ouro
RR;3074;-63289;Ouro
RR;3101;-63622;Ouro
RR;3394;-63769;Ouro
RR;2488;-62737;Ouro
RR;3565;-62340;Ouro
RR;2513;-62888;Ouro
RR;3870;-63690;Ouro
PA;-5780;-50550;Ouro
PA;-6027;-49545;Ouro
PA;-5960;-50390;Ouro
PA;-6100;-49710;Ouro
MA;-1550;-45360;Ouro
MA;-1540;-45710;Ouro
BA;-11457;-42457;Ouro
BA;-11449;-42482;Ouro
BA;-11447;-42470;Ouro
BA;-11448;-42508;Ouro
BA;-11443;-42480;Ouro
BA;-11438;-42514;Ouro
BA;-11446;-42550;Ouro
BA;-11433;-42501;Ouro
BA;-11442;-42508;Ouro
BA;-11436;-42507;Ouro
BA;-11438;-42548;Ouro
BA;-11428;-42512;Ouro
PA;-7523;-56343;Ouro
PA;-7634;-56662;Ouro
PA;-7293;-55924;Ouro
PA;-7446;-55987;Ouro
PA;-7365;-56225;Ouro
PA;-7424;-56338;Ouro
PA;-7347;-56297;Ouro
PA;-7198;-56217;Ouro
PA;-7054;-56225;Ouro
PA;-7072;-56960;Ouro
PA;-7099;-56978;Ouro
PA;-7932;-56054;Ouro
PA;-7856;-56104;Ouro
PA;-5662;-57009;Ouro
PA;-5378;-57536;Ouro
PA;-5208;-57473;Ouro
PA;-5131;-57478;Ouro
PA;-5433;-57068;Ouro
PA;-5315;-56942;Ouro
PA;-5361;-56919;Ouro
PA;-5446;-56879;Ouro
PA;-5352;-56811;Ouro
PA;-5198;-56820;Ouro
PA;-4928;-56928;Ouro
PA;-4955;-56883;Ouro
PA;-5730;-56694;Ouro
PA;-5545;-56653;Ouro
PA;-5559;-56586;Ouro
PA;-5667;-56626;Ouro
PA;-5680;-56361;Ouro
PA;-5649;-56190;Ouro
PA;-6419;-56793;Ouro
PA;-6491;-56752;Ouro
PA;-6694;-56270;Ouro
PA;-6608;-56172;Ouro
PA;-6068;-56712;Ouro
PA;-6034;-56384;Ouro
GO;-14973;-49296;Ouro
PA;-5919;-56540;Ouro
PA;-5959;-56560;Ouro
PA;-5578;-56665;Ouro
PA;-5647;-56618;Ouro
PA;-5786;-56866;Ouro
PA;-5871;-56619;Ouro
PA;-5903;-56385;Ouro
PA;-5458;-56868;Ouro
PA;-5230;-56644;Ouro
PA;-5505;-56570;Ouro
PA;-5763;-56644;Ouro
PA;-5854;-56702;Ouro
PA;-5756;-56472;Ouro
BA;-12717;-42189;Ouro
BA;-12025;-42499;Ouro
BA;-12834;-42198;Ouro
BA;-12778;-42186;Ouro
BA;-12437;-42370;Ouro
BA;-12770;-42189;Ouro
BA;-12753;-42184;Ouro
BA;-12781;-42195;Ouro
BA;-12784;-42198;Ouro
BA;-12809;-42192;Ouro
BA;-12817;-42161;Ouro
BA;-12850;-42203;Ouro
BA;-12764;-42223;Ouro
BA;-12189;-42223;Ouro
BA;-11031;-39316;Ouro
BA;-11016;-39318;Ouro
BA;-11013;-39313;Ouro
BA;-11003;-39306;Ouro
BA;-11449;-39059;Ouro
BA;-11450;-39073;Ouro
SC;-27157;-49023;Ouro
SC;-27151;-48983;Ouro
SP;-21738;-48155;Ouro
GO;-16145;-52474;Ouro
CE;-4370;-40660;Ouro
CE;-4170;-40650;Ouro
CE;-4130;-40570;Ouro
MA;-1552;-45357;Ouro
PA;-1261;-46174;Ouro
PA;-1241;-46174;Ouro
MA;-1389;-45757;Ouro
MA;-1268;-45744;Ouro
MA;-1375;-45946;Ouro
PA;-1267;-46217;Ouro
RO;-9358;-64742;Ouro
RO;-9416;-64830;Ouro
RO;-9575;-65027;Ouro
RO;-9602;-65102;Ouro
RO;-9571;-65160;Ouro
RO;-9518;-65312;Ouro
MT;-10135;-55087;Ouro
MT;-10123;-55105;Ouro
MT;-10107;-55132;Ouro
MT;-10202;-54798;Ouro
MT;-10217;-55035;Ouro
MT;-10225;-54853;Ouro
MT;-10000;-55027;Ouro
MT;-10180;-55000;Ouro
MT;-9162;-58546;Ouro
MT;-10245;-55035;Ouro
MT;-15218;-59345;Ouro
GO;-13971;-49180;Ouro
GO;-16745;-50403;Ouro
AM;-647;-69507;Ouro
AM;-635;-69566;Ouro
AM;-631;-69559;Ouro
AM;-985;-69446;Ouro
AM;-640;-69431;Ouro
AM;1759;-67885;Ouro
AM;1770;-67872;Ouro
AM;1776;-67899;Ouro
AM;1788;-67910;Ouro
AM;-559;-69505;Ouro
AM;-552;-69494;Ouro
AM;-548;-69545;Ouro
AM;-403;-69651;Ouro
AM;-433;-69649;Ouro
AM;-446;-69633;Ouro
AM;-466;-69642;Ouro
AM;-518;-69572;Ouro
AM;-494;-69516;Ouro
AM;-616;-69539;Ouro
AM;-593;-69523;Ouro
AM;-595;-69557;Ouro
AM;-590;-69545;Ouro
AM;-590;-69534;Ouro
PA;-6604;-56018;Ouro
MG;-21405;-42388;Ouro
MG;-21350;-42292;Ouro
ES;-20290;-40934;Ouro
MG;-18231;-43611;Ouro
MG;-18644;-43695;Ouro
MG;-18650;-43692;Ouro
RR;3556;-63174;Ouro
RR;3773;-64003;Ouro
RR;3364;-63753;Ouro
RR;3626;-63735;Ouro
RR;3287;-63856;Ouro
RR;3282;-63814;Ouro
PA;-5523;-57036;Ouro
PA;-5532;-57005;Ouro
PA;-5978;-57847;Ouro
PA;-5568;-57752;Ouro
RR;473;-59437;Ouro
PA;-6367;-56217;Ouro
PA;-6272;-56431;Ouro
PA;-6262;-56260;Ouro
PA;-6184;-55957;Ouro
PA;-6100;-57367;Ouro
PA;-6058;-56293;Ouro
PA;-6034;-57900;Ouro
GO;-15895;-50032;Ouro
GO;-14415;-49163;Ouro
RN;-5983;-36801;Ouro
PE;-7814;-39285;Ouro
CE;-7183;-39154;Ouro
PA;-5849;-56132;Ouro
PA;-5480;-56838;Ouro
PA;-5943;-56441;Ouro
PA;-5800;-56919;Ouro
PA;-6166;-56020;Ouro
PA;-6321;-55790;Ouro
PA;-6487;-55576;Ouro
PA;-5349;-57553;Ouro
PA;-5261;-57478;Ouro
PA;-5495;-57698;Ouro
PA;-5205;-57551;Ouro
PA;-5158;-57543;Ouro
AM;-5437;-57956;Ouro
PA;-6293;-58003;Ouro
PA;-6071;-57341;Ouro
PA;-6060;-57342;Ouro
PA;-6470;-57830;Ouro
PA;-5260;-57495;Ouro
PA;-5322;-57553;Ouro
AM;-5019;-57783;Ouro
PA;-6134;-57391;Ouro
PA;-6164;-57390;Ouro
PA;-5298;-57547;Ouro
AM;-6406;-58299;Ouro
PA;-5147;-57631;Ouro
PA;-5155;-57524;Ouro
PA;-5036;-57340;Ouro
AM;-5327;-57771;Ouro
PA;-5375;-57709;Ouro
PA;-5123;-57463;Ouro
GO;-14751;-49609;Ouro
GO;-16302;-50803;Ouro
PA;-130;-53080;Ouro
GO;-14750;-49659;Ouro
GO;-17218;-49687;Ouro
GO;-13432;-48061;Ouro
BA;-13798;-40698;Ouro
BA;-9888;-41035;Ouro
BA;-13290;-43082;Ouro
RR;3462;-62176;Ouro
PA;-5850;-56950;Ouro
MA;-1330;-45780;Ouro
MA;-1270;-45740;Ouro
MA;-1380;-45950;Ouro
PA;-1260;-46170;Ouro
PA;-4620;-49370;Ouro
TO;-7070;-48200;Ouro
TO;-9800;-48296;Ouro
RO;-12982;-61109;Ouro
RO;-12182;-63382;Ouro
PA;-6770;-56419;Ouro
PA;-6694;-56879;Ouro
PA;-6815;-56672;Ouro
PA;-6599;-55901;Ouro
PA;-6266;-55897;Ouro
PA;-6487;-55590;Ouro
PA;-6270;-55780;Ouro
GO;-17569;-49585;Ouro
GO;-16386;-52147;Ouro
MG;-19710;-42816;Ouro
MG;-19808;-42858;Ouro
AM;1939;-68207;Ouro
AM;1911;-68149;Ouro
AM;1896;-68149;Ouro
AM;1880;-68149;Ouro
AM;1880;-68131;Ouro
PA;-5694;-54547;Ouro
PA;-5694;-54654;Ouro
PA;-6368;-55618;Ouro
PA;-6435;-55500;Ouro
AM;-473;-69512;Ouro
AM;-397;-69771;Ouro
AM;-431;-69539;Ouro
AM;-329;-69584;Ouro
AM;-334;-69566;Ouro
PA;-6517;-57284;Ouro
RR;4633;-60834;Ouro
RR;4596;-60216;Ouro
RR;4555;-60195;Ouro
RR;4483;-60067;Ouro
RR;4763;-60482;Ouro
RR;4598;-60858;Ouro
RR;4862;-60016;Ouro
RR;4701;-60487;Ouro
PA;-6057;-56293;Ouro
PA;-5334;-56917;Ouro
PA;-5267;-57434;Ouro
AM;-4617;-57817;Ouro
RR;4726;-60672;Ouro
RR;4580;-60234;Ouro
AM;859;-63224;Ouro
RR;1366;-60034;Ouro
RR;2727;-62914;Ouro
RR;3600;-62384;Ouro
AM;566;-66184;Ouro
AM;1700;-68984;Ouro
PA;-9334;-54834;Ouro
PA;-7930;-56678;Ouro
PA;-7895;-56612;Ouro
PA;-7856;-56679;Ouro
RO;-11845;-62184;Ouro
RO;-10246;-65300;Ouro
RN;-5789;-36158;Ouro
RN;-5772;-36126;Ouro
GO;-15745;-49313;Ouro
GO;-16567;-51570;Ouro
MG;-20866;-46650;Ouro
GO;-17027;-50460;Ouro
RR;3314;-63611;Ouro
RR;3006;-63239;Ouro
RR;3023;-63307;Ouro
RR;3018;-63541;Ouro
RR;3552;-63795;Ouro
RR;3152;-63784;Ouro
RR;3018;-63432;Ouro
RR;3169;-63545;Ouro
RR;3089;-63043;Ouro
RR;3225;-63815;Ouro
RR;3607;-63744;Ouro
RR;2687;-63369;Ouro
RR;2599;-63194;Ouro
RR;2767;-63252;Ouro
RR;2833;-63194;Ouro
AM;2186;-63355;Ouro
RR;2509;-63737;Ouro
RR;2804;-63461;Ouro
RR;2889;-63394;Ouro
RR;2912;-63371;Ouro
RR;2626;-63104;Ouro
RR;2594;-63513;Ouro
RR;3873;-63894;Ouro
RR;2539;-63558;Ouro
RR;2643;-63043;Ouro
RR;2637;-63065;Ouro
RR;2576;-62994;Ouro
RR;2441;-62780;Ouro
RR;2367;-62376;Ouro
RR;2349;-62369;Ouro
RR;2297;-62232;Ouro
RR;3565;-62396;Ouro
RR;3137;-62546;Ouro
RR;2574;-62960;Ouro
RR;2619;-62996;Ouro
RR;2472;-62931;Ouro
RR;2441;-62949;Ouro
RR;2392;-62995;Ouro
RR;2409;-62910;Ouro
RR;2434;-62800;Ouro
RR;3162;-62447;Ouro
RR;3830;-63840;Ouro
RR;3740;-63630;Ouro
RR;3731;-63580;Ouro
RR;3660;-63470;Ouro
RR;3620;-63360;Ouro
GO;-13988;-49198;Ouro
GO;-13341;-48786;Ouro
PB;-7217;-37450;Ouro
PB;-7186;-37393;Ouro
PB;-7336;-37845;Ouro
PE;-7317;-37275;Ouro
TO;-10660;-48730;Ouro
PA;-7250;-50107;Ouro
PA;-7310;-50090;Ouro
PA;-7360;-50410;Ouro
AP;3230;-52230;Ouro
AP;3170;-52230;Ouro
AP;2344;-51056;Ouro
RO;-12034;-61165;Ouro
PA;-4617;-49367;Ouro
PA;-6967;-51000;Ouro
TO;-7726;-48188;Ouro
TO;-7069;-48199;Ouro
RO;-9853;-65284;Ouro
RO;-9602;-65124;Ouro
RO;-9540;-65241;Ouro
RO;-9810;-65282;Ouro
MT;-9352;-57228;Ouro
MT;-10827;-55188;Ouro
MT;-10221;-55031;Ouro
MT;-10221;-55086;Ouro
MT;-10397;-56443;Ouro
MT;-10817;-55417;Ouro
MT;-10175;-55184;Ouro
MT;-10100;-55150;Ouro
MT;-10075;-55084;Ouro
MT;-10234;-55050;Ouro
MT;-10225;-55025;Ouro
MT;-10200;-55050;Ouro
MT;-10250;-55034;Ouro
MT;-10217;-55000;Ouro
MT;-9315;-57346;Ouro
MT;-9442;-57164;Ouro
MT;-9343;-57391;Ouro
MT;-9207;-58318;Ouro
MT;-9908;-55602;Ouro
MT;-9503;-56394;Ouro
MT;-9517;-56406;Ouro
MT;-9522;-56396;Ouro
MT;-9541;-56600;Ouro
PA;-9368;-56573;Ouro
PA;-5493;-57616;Ouro
PA;-5572;-57599;Ouro
PA;-5519;-57593;Ouro
PA;-5551;-57600;Ouro
PA;-6992;-57011;Ouro
PA;-6927;-56986;Ouro
PA;-7845;-56993;Ouro
PA;-6958;-57057;Ouro
PA;-6961;-57077;Ouro
PA;-6878;-57020;Ouro
PA;-6851;-57035;Ouro
PA;-6953;-57006;Ouro
AM;-388;-69631;Ouro
RR;1951;-59754;Ouro
PA;-6557;-56202;Ouro
PA;-6843;-56773;Ouro
PA;-6861;-56769;Ouro
PA;-6877;-56773;Ouro
PA;-6877;-56767;Ouro
PA;-6877;-56757;Ouro
PA;-6884;-56751;Ouro
PA;-6890;-56751;Ouro
PA;-6874;-56725;Ouro
PA;-6869;-56691;Ouro
PA;-6795;-56613;Ouro
PA;-6865;-56633;Ouro
PA;-6848;-56615;Ouro
PA;-6506;-56057;Ouro
PA;-6987;-56467;Ouro
PA;-7009;-56900;Ouro
PA;-6897;-56739;Ouro
PA;-6933;-56883;Ouro
PA;-6919;-56626;Ouro
PA;-7172;-57072;Ouro
PA;-7086;-57005;Ouro
RR;3845;-62728;Ouro
RR;3859;-61837;Ouro
RR;3890;-61587;Ouro
RR;3922;-64191;Ouro
PA;700;-54637;Ouro
PA;-7367;-57184;Ouro
PA;-7297;-56672;Ouro
PA;-7295;-56585;Ouro
PA;-7269;-56346;Ouro
PA;-7226;-56925;Ouro
PA;-7103;-56840;Ouro
PA;-7103;-56840;Ouro
PA;-7097;-56891;Ouro
PA;-6862;-56400;Ouro
PA;-6834;-56834;Ouro
AM;-6750;-59067;Ouro
PA;-6734;-56167;Ouro
PA;-6700;-56617;Ouro
PA;-6684;-56917;Ouro
PA;-6516;-56356;Ouro
PA;-6450;-56900;Ouro
PA;-6450;-57467;Ouro
PA;-6434;-56045;Ouro
PA;-6430;-56052;Ouro
PA;-6017;-57934;Ouro
PA;-6000;-56650;Ouro
PA;-5950;-56600;Ouro
AM;-5850;-58067;Ouro
AM;-5700;-58017;Ouro
PA;-5600;-56684;Ouro
PA;-5550;-56267;Ouro
AM;-5484;-57934;Ouro
PA;-5400;-55934;Ouro
PA;-5334;-57617;Ouro
RR;4634;-60461;Ouro
RR;4656;-60396;Ouro
RR;4615;-60444;Ouro
RR;4592;-60184;Ouro
RR;4566;-60184;Ouro
RR;4533;-60200;Ouro
RR;4729;-60542;Ouro
RR;4719;-60517;Ouro
RR;4659;-60488;Ouro
RR;4609;-60468;Ouro
RR;4612;-60453;Ouro
MT;-10222;-55083;Ouro
MT;-10084;-55200;Ouro
MT;-9520;-56478;Ouro
MT;-9499;-56462;Ouro
PA;-5770;-56909;Ouro
PA;-5863;-56339;Ouro
PA;-5326;-56665;Ouro
PA;-5765;-56890;Ouro
PA;-5679;-56854;Ouro
PA;-6065;-57340;Ouro
PA;-5329;-57484;Ouro
AM;-6192;-58467;Ouro
PA;-5751;-57295;Ouro
PA;-5180;-57180;Ouro
PA;-5529;-57608;Ouro
AM;-5555;-57942;Ouro
PA;-6956;-57028;Ouro
PA;-6884;-57010;Ouro
PA;-6924;-56978;Ouro
PA;-5345;-57489;Ouro
AM;1763;-68149;Ouro
AM;-8035;-60970;Ouro
AM;-8539;-60302;Ouro
AM;-6775;-62439;Ouro
RO;-12120;-63864;Ouro
GO;-16362;-49693;Ouro
PA;-7262;-56752;Ouro
BA;-12859;-42285;Ouro
BA;-15860;-39255;Ouro
GO;-13968;-49250;Ouro
GO;-13980;-49169;Ouro
GO;-13891;-49102;Ouro
GO;-13809;-49005;Ouro
GO;-13328;-48797;Ouro
GO;-14506;-49982;Ouro
GO;-14783;-49665;Ouro
GO;-14719;-49626;Ouro
GO;-14691;-49723;Ouro
GO;-15905;-50133;Ouro
GO;-15941;-50114;Ouro
GO;-15984;-49987;Ouro
GO;-15414;-50414;Ouro
GO;-15473;-50393;Ouro
GO;-15473;-50352;Ouro
GO;-15667;-51567;Ouro
MG;-15651;-42810;Ouro
BA;-11417;-42508;Ouro
BA;-11422;-42506;Ouro
BA;-11423;-42554;Ouro
PB;-7239;-37425;Ouro
AP;2780;-51950;Ouro
AP;2790;-52340;Ouro
RO;-11888;-62897;Ouro
RO;-11850;-62756;Ouro
MT;-15300;-59250;Ouro
MT;-15100;-59967;Ouro
MT;-15312;-59320;Ouro
MT;-15478;-59179;Ouro
MT;-15354;-59254;Ouro
MT;-15325;-59267;Ouro
MT;-15375;-59215;Ouro
MT;-15355;-59240;Ouro
MT;-15363;-59282;Ouro
MT;-15341;-59264;Ouro
MT;-15390;-59367;Ouro
MT;-15471;-59320;Ouro
MT;-15480;-59257;Ouro
MT;-15394;-58141;Ouro
PA;-4730;-51030;Ouro
PA;-5860;-50000;Ouro
PA;-6032;-49575;Ouro
PA;-6041;-49613;Ouro
PA;-6048;-49633;Ouro
PA;-5921;-49650;Ouro
PA;-5937;-49673;Ouro
PA;-5890;-50310;Ouro
PA;-5950;-50420;Ouro
RO;-12409;-64416;Ouro
RO;-12425;-64409;Ouro
MG;-20160;-43735;Ouro
MG;-20249;-43642;Ouro
MG;-20252;-43617;Ouro
MG;-20258;-43595;Ouro
AM;1492;-68168;Ouro
AM;1515;-68138;Ouro
AM;1969;-68142;Ouro
AM;1956;-68132;Ouro
AM;1926;-68127;Ouro
MG;-20337;-43473;Ouro
GO;-15517;-49017;Ouro
MG;-17828;-43548;Ouro
MG;-18648;-43731;Ouro
AP;700;-52440;Ouro
AP;710;-52230;Ouro
MT;-14652;-56592;Ouro
MT;-14479;-56490;Ouro
MT;-14641;-56702;Ouro
MT;-15696;-56356;Ouro
MT;-15655;-56302;Ouro
MT;-15724;-56316;Ouro
MT;-15785;-56024;Ouro
MT;-15534;-56583;Ouro
MT;-15627;-56304;Ouro
MT;-15647;-56330;Ouro
MT;-14535;-56585;Ouro
MT;-14831;-56571;Ouro
MT;-15612;-56242;Ouro
MT;-14933;-56392;Ouro
MT;-14733;-56268;Ouro
MT;-14897;-56129;Ouro
MT;-14901;-56168;Ouro
MT;-14901;-56419;Ouro
MS;-20716;-56327;Ouro
BA;-10953;-40442;Ouro
BA;-11005;-40468;Ouro
BA;-13545;-41820;Ouro
BA;-13572;-41780;Ouro
BA;-13574;-41809;Ouro
PB;-7182;-37411;Ouro
PB;-7257;-37428;Ouro
PB;-7337;-37373;Ouro
TO;-10000;-47600;Ouro
MG;-21827;-45567;Ouro
MG;-21828;-45541;Ouro
MG;-21839;-45522;Ouro
MG;-21842;-45569;Ouro
BA;-14402;-40056;Ouro
CE;-6770;-39475;Ouro
PI;-10169;-44602;Ouro
MT;-9807;-55580;Ouro
MT;-10240;-54883;Ouro
MT;-9418;-57323;Ouro
MT;-9190;-58413;Ouro
MT;-10796;-55605;Ouro
MT;-9803;-56060;Ouro
MT;-8884;-59167;Ouro
MT;-10134;-59200;Ouro
MT;-10084;-55459;Ouro
MT;-10114;-55225;Ouro
MT;-10084;-55134;Ouro
MT;-10750;-55117;Ouro
MT;-10017;-55050;Ouro
MT;-10300;-54784;Ouro
MT;-10550;-55767;Ouro
MT;-9724;-55346;Ouro
MT;-9885;-55623;Ouro
MT;-9517;-56415;Ouro
MT;-9526;-56362;Ouro
MT;-9498;-56554;Ouro
MT;-9818;-56064;Ouro
MT;-9400;-56637;Ouro
MT;-9466;-56427;Ouro
MT;-10084;-55117;Ouro
MT;-10200;-55025;Ouro
RO;-12427;-64382;Ouro
RO;-12420;-64360;Ouro
RO;-12418;-64304;Ouro
RO;-12303;-64228;Ouro
RO;-12160;-63989;Ouro
RO;-12152;-63701;Ouro
RO;-12165;-63692;Ouro
RO;-12199;-63784;Ouro
RO;-12269;-63457;Ouro
RO;-12330;-63307;Ouro
RO;-12732;-61097;Ouro
RO;-12825;-60718;Ouro
PA;-6360;-49890;Ouro
PA;-6424;-50270;Ouro
PA;-6350;-50000;Ouro
PA;-6380;-49970;Ouro
PA;-6380;-49940;Ouro
PA;-6420;-49970;Ouro
PA;-6404;-49870;Ouro
PA;-6400;-50454;Ouro
PA;-6370;-49840;Ouro
PA;-6390;-51590;Ouro
PA;-6360;-51827;Ouro
PA;-6350;-51910;Ouro
PA;-6342;-51970;Ouro
PA;-6408;-51954;Ouro
MG;-16870;-42122;Ouro
MG;-17074;-42543;Ouro
MG;-17094;-42536;Ouro
MG;-17323;-42309;Ouro
MG;-21279;-43813;Ouro
MG;-19980;-43850;Ouro
MG;-18691;-43527;Ouro
MG;-18723;-43397;Ouro
SE;-10839;-37383;Ouro
SE;-10840;-37419;Ouro
MT;-9512;-56568;Ouro
MT;-10223;-55069;Ouro
MT;-10030;-55022;Ouro
TO;-11404;-47901;Ouro
RS;-30369;-53652;Ouro
RS;-30927;-52537;Ouro
GO;-14354;-48606;Ouro
GO;-14067;-50054;Ouro
SC;-27136;-49109;Ouro
BA;-11453;-39106;Ouro
BA;-11450;-39117;Ouro
BA;-11460;-39132;Ouro
BA;-11007;-38995;Ouro
PB;-7236;-37423;Ouro
RO;-11821;-62100;Ouro
RO;-11610;-62389;Ouro
RO;-11595;-62387;Ouro
RO;-11596;-62370;Ouro
RO;-11614;-62377;Ouro
RO;-11602;-62313;Ouro
RO;-11980;-61765;Ouro
RO;-11876;-61727;Ouro
RO;-11908;-62289;Ouro
RO;-11912;-62289;Ouro
RO;-11953;-62179;Ouro
RO;-11217;-60777;Ouro
RO;-10189;-62779;Ouro
RO;-10711;-62866;Ouro
RO;-11840;-63355;Ouro
RO;-10542;-65327;Ouro
RO;-9546;-62727;Ouro
RO;-10167;-62334;Ouro
RO;-9943;-65328;Ouro
RO;-10883;-62913;Ouro
RO;-11850;-62754;Ouro
AM;-8435;-60282;Ouro
MT;-9490;-61246;Ouro
RO;-10589;-61794;Ouro
RO;-11364;-60451;Ouro
RO;-11486;-60035;Ouro
RO;-10238;-62327;Ouro
RO;-10170;-62565;Ouro
RO;-11859;-62889;Ouro
RO;-11925;-62912;Ouro
RO;-11758;-62863;Ouro
RO;-11979;-61685;Ouro
RO;-11891;-62210;Ouro
RO;-12984;-60768;Ouro
RO;-12001;-62092;Ouro
AM;-8480;-60313;Ouro
AM;-8593;-60222;Ouro
PA;-5910;-50460;Ouro
PA;-5950;-50500;Ouro
PA;-5980;-50630;Ouro
PA;-5920;-51430;Ouro
PA;-5910;-51490;Ouro
PA;-5850;-51480;Ouro
PA;-6967;-57000;Ouro
PA;-6994;-57006;Ouro
AM;-6324;-59391;Ouro
AM;-6545;-59493;Ouro
AM;-6540;-59484;Ouro
AM;-8004;-60962;Ouro
AM;-8010;-60937;Ouro
AM;-8047;-60907;Ouro
AM;-8459;-60285;Ouro
AM;-8557;-60238;Ouro
AM;-8624;-60217;Ouro
AM;-7740;-62943;Ouro
AM;-7320;-62972;Ouro
RS;-30802;-53842;Ouro
RS;-30388;-53687;Ouro
MT;-15385;-59209;Ouro
RO;-12278;-63703;Ouro
PA;-5830;-50330;Ouro
PA;-5780;-50870;Ouro
TO;-13116;-48116;Ouro
GO;-16229;-48014;Ouro
TO;-12942;-48300;Ouro
PE;-7294;-37222;Ouro
PB;-7275;-37192;Ouro
RO;-13127;-60540;Ouro
RO;-13115;-60460;Ouro
MT;-14555;-59784;Ouro
MT;-15100;-59993;Ouro
MT;-15668;-59153;Ouro
MT;-15200;-58734;Ouro
MT;-15340;-59269;Ouro
MT;-15430;-59135;Ouro
MT;-15317;-58217;Ouro
MT;-15417;-58159;Ouro
RR;4027;-64246;Ouro
AM;790;-63200;Ouro
RR;1318;-60098;Ouro
RR;1683;-61134;Ouro
RR;2200;-61584;Ouro
RR;2672;-62673;Ouro
RR;2709;-62600;Ouro
PA;-6000;-49780;Ouro
PA;-6040;-49760;Ouro
PA;-6060;-49680;Ouro
PA;-6060;-49590;Ouro
PA;-6080;-49560;Ouro
PA;-6090;-49520;Ouro
PA;-6100;-49610;Ouro
PA;-6100;-49660;Ouro
PA;-6140;-49640;Ouro
PA;-6090;-49770;Ouro
PA;-6160;-50320;Ouro
PA;-6030;-50590;Ouro
PA;-6030;-50580;Ouro
PA;-6140;-51960;Ouro
GO;-14557;-50007;Ouro
MG;-17996;-43562;Ouro
PA;-7797;-50495;Ouro
PA;-7913;-50559;Ouro
PA;540;-53710;Ouro
PA;-129;-53701;Ouro
PA;500;-53740;Ouro
GO;-14589;-48757;Ouro
AP;690;-52220;Ouro
AP;2720;-51930;Ouro
MT;-15267;-59267;Ouro
MT;-15379;-59267;Ouro
MT;-15337;-59256;Ouro
MT;-15350;-59267;Ouro
MT;-15292;-58234;Ouro
MG;-20178;-43715;Ouro
MG;-20275;-43621;Ouro
AM;1655;-68035;Ouro
MG;-17220;-42599;Ouro
MG;-17307;-42303;Ouro
MG;-18982;-43276;Ouro
MG;-21825;-45555;Ouro
GO;-15913;-49965;Ouro
MT;-9637;-59455;Ouro
RO;-12280;-64185;Ouro
RO;-12248;-63807;Ouro
RO;-12739;-60819;Ouro
MT;-14657;-56441;Ouro
PB;-7210;-37465;Ouro
CE;-6750;-38967;Ouro
BA;-11449;-39106;Ouro
BA;-11412;-38998;Ouro
RO;-11944;-62365;Ouro
RO;-11544;-60453;Ouro
RO;-8967;-63960;Ouro
PA;-5542;-57601;Ouro
PA;-6935;-57003;Ouro
PA;-6842;-57025;Ouro
PA;-6940;-56993;Ouro
PA;-7400;-54800;Ouro
PA;-7213;-56860;Ouro
PB;-7229;-37469;Ouro
MT;-10234;-55000;Ouro
MT;-9334;-57091;Ouro
MT;-9508;-56361;Ouro
MT;-9631;-55955;Ouro
PA;-5482;-57617;Ouro
RR;3126;-63707;Ouro
RR;3402;-63789;Ouro
RR;3140;-63230;Ouro
RR;3382;-64151;Ouro
RR;2214;-63367;Ouro
PA;-7000;-56892;Ouro
RR;4718;-60482;Ouro
GO;-15923;-50084;Ouro
PA;-1270;-46220;Ouro
PA;-6970;-51000;Ouro
RO;-12237;-63484;Ouro
AM;1929;-68147;Ouro
PA;-5613;-54474;Ouro
PA;-5772;-56912;Ouro
PA;-6453;-56016;Ouro
GO;-13435;-48049;Ouro
BA;-14134;-41513;Ouro
AM;-6017;-58150;Ouro
GO;-15668;-49057;Ouro
RN;-6082;-38326;Ouro
AM;-739;-69582;Ouro
AM;-668;-69555;Ouro
AM;-572;-69527;Ouro
AM;-397;-69642;Ouro
AM;-462;-69629;Ouro
PA;-6248;-56568;Ouro
RR;3997;-64490;Ouro
PA;-5752;-57915;Ouro
PA;-6334;-56434;Ouro
PA;-6117;-56467;Ouro
BA;-11453;-42485;Ouro
PA;-7976;-56050;Ouro
PA;-5415;-57509;Ouro
PA;-5572;-56968;Ouro
PA;-5252;-56811;Ouro
PA;-6005;-58000;Ouro
PA;-5586;-56626;Ouro
PA;-5721;-56221;Ouro
PA;-6780;-56239;Ouro
PA;-5884;-56550;Ouro
BA;-12814;-42186;Ouro
BA;-12680;-42164;Ouro
BA;-11006;-39313;Ouro
RO;-9585;-64921;Ouro
RR;3051;-63783;Ouro
RR;2448;-62818;Ouro
RR;2628;-63016;Ouro
RR;2718;-62670;Ouro
AM;1754;-67962;Ouro
AM;1819;-67944;Ouro
AM;1781;-68160;Ouro
AM;1871;-68192;Ouro
BA;-14417;-42482;Ouro
BA;-13352;-42086;Ouro
BA;-13474;-42011;Ouro
BA;-13498;-42199;Ouro
RO;-11889;-62258;Ouro
RO;-12687;-62050;Ouro
PA;350;-53700;Ouro
AP;775;-51736;Ouro
AP;710;-52300;Ouro
AP;680;-52190;Ouro
RR;2732;-63567;Ouro
RR;3596;-63342;Ouro
AM;-462;-69535;Ouro
AM;-388;-69566;Ouro
AM;-487;-69514;Ouro
PA;-7084;-56779;Ouro
PA;-6928;-56996;Ouro
BA;-13417;-41755;Ouro
PA;-304;-53763;Ouro
PA;-3811;-51294;Ouro
MG;-21820;-45434;Ouro
BA;-12733;-42205;Ouro
MG;-20011;-43682;Ouro
MG;-20187;-43824;Ouro
PE;-7765;-39306;Ouro
PE;-7761;-39248;Ouro
PA;-6917;-50041;Ouro
BA;-11423;-42553;Ouro
PA;-7050;-56917;Ouro
PA;-5217;-56834;Ouro
RR;4750;-60050;Ouro
RR;4744;-60675;Ouro
RR;4627;-60478;Ouro
MT;-10250;-55067;Ouro
MT;-15336;-58209;Ouro
PA;-6020;-50507;Ouro
RO;-8835;-64028;Ouro
RS;-30798;-53944;Ouro
SE;-10797;-37407;Ouro
RO;-11897;-62241;Ouro
MT;-15315;-56190;Ouro
MG;-21827;-45549;Ouro
RO;-13100;-60873;Ouro
SC;-27044;-48871;Ouro
PA;-7082;-56639;Ouro
PA;-6818;-56836;Ouro
PA;-5917;-57367;Ouro
PA;-5041;-56996;Ouro
RO;-11970;-61685;Ouro
MT;-15383;-59273;Ouro
PA;-6338;-55762;Ouro
PA;-8034;-55250;Ouro
PA;-6374;-56271;Ouro
RR;3731;-63600;Ouro
PB;-7279;-37153;Ouro
TO;-7817;-48428;Ouro
MT;-9493;-56484;Ouro
PA;-5631;-56712;Ouro
BA;-12759;-42228;Ouro
PA;-6189;-55984;Ouro
RN;-5983;-36149;Ouro
PA;-5036;-57311;Ouro
BA;-13398;-42225;Ouro
MA;-1390;-45760;Ouro
AM;1844;-68140;Ouro
PA;328;-53417;Ouro
RR;3000;-63566;Ouro
PA;-5970;-49670;Ouro
MG;-19775;-42879;Ouro
PA;-7222;-50782;Ouro
PA;550;-53750;Ouro
RR;2578;-63877;Ouro
AM;-881;-69453;Ouro
MG;-19275;-41683;Ouro
AP;380;-51740;Ouro
MT;-15553;-56042;Ouro
GO;-16484;-50795;Ouro
PA;-6920;-49940;Ouro
PA;-6700;-50081;Ouro
PA;-5063;-49578;Ouro
RR;2529;-63749;Ouro
PE;-7823;-39277;Ouro
PA;-7200;-50120;Ouro
PA;-6662;-50174;Ouro
MT;-16303;-56653;Ouro
BA;-13131;-42200;Ouro
PA;-3614;-51964;Ouro
RR;2662;-63068;Ouro
MG;-19999;-43460;Ouro
MG;-19925;-43738;Ouro
PB;-7705;-37934;Ouro
PB;-7642;-38075;Ouro
RO;-9583;-64927;Ouro
AP;2510;-51770;Ouro
MG;-20263;-43435;Ouro
RR;3554;-62241;Ouro
GO;-14274;-48703;Ouro
MG;-21813;-45529;Ouro
MG;-21835;-45463;Ouro
MG;-21823;-45566;Ouro
BA;-10709;-40403;Ouro
BA;-10923;-40445;Ouro
BA;-13210;-41617;Ouro
MT;-13853;-60334;Ouro
MT;-15000;-59284;Ouro
PA;-6020;-49630;Ouro
GO;-13957;-49079;Ouro
RN;-5967;-36800;Ouro
TO;-13125;-48292;Ouro
RO;-9801;-65617;Ouro
RO;-10967;-63800;Ouro
RO;-11909;-62905;Ouro
PB;-7696;-37938;Ouro
RS;-30824;-53925;Ouro
MG;-21843;-45541;Ouro
MG;-21840;-45529;Ouro
MG;-21816;-45531;Ouro
MG;-21817;-45555;Ouro
MG;-21850;-45462;Ouro
MG;-18624;-43421;Ouro
BA;-11455;-39080;Ouro
PA;-5928;-56565;Ouro
RR;2083;-59750;Ouro
GO;-14547;-49584;Ouro
PA;-6680;-56784;Ouro
GO;-13270;-46898;Ouro
GO;-15359;-48967;Ouro
GO;-14962;-49276;Ouro
RS;-30910;-53444;Ouro
PA;-7120;-50760;Ouro
PA;-7150;-50004;Ouro
PA;-8690;-50960;Ouro
AP;1730;-51050;Ouro
AP;3711;-51694;Ouro
AP;1480;-50900;Ouro
AP;1100;-51990;Ouro
RR;2538;-63767;Ouro
AM;-973;-69419;Ouro
MT;-16268;-56767;Ouro
MT;-16132;-56492;Ouro
MT;-15684;-56401;Ouro
PA;-6415;-56058;Ouro
BA;-13500;-41834;Ouro
PA;-7064;-56938;Ouro
PA;-7138;-56862;Ouro
GO;-13934;-49232;Ouro
GO;-15931;-49519;Ouro
AM;-2136;-69120;Ouro
GO;-16167;-52384;Ouro
MG;-20361;-43253;Ouro
MG;-20429;-43408;Ouro
MG;-19764;-42850;Ouro
AM;-6417;-58250;Ouro
PA;-6067;-56300;Ouro
RO;-11734;-62175;Ouro
RO;-11829;-62141;Ouro
RO;-11572;-62385;Ouro
PA;-6600;-51260;Ouro
PA;-7550;-50680;Ouro
PA;-7720;-50690;Ouro
PA;-6277;-50813;Ouro
PA;-6324;-50521;Ouro
PA;-6329;-49929;Ouro
PA;-7400;-50170;Ouro
PA;-3520;-51730;Ouro
PA;-3657;-51677;Ouro
RR;2916;-63142;Ouro
RR;2373;-63171;Ouro
PA;-6997;-56467;Ouro
PA;-7635;-56742;Ouro
GO;-16334;-50865;Ouro
AM;860;-63272;Ouro
BA;-10933;-39383;Ouro
BA;-13584;-41867;Ouro
MG;-21823;-45439;Ouro
MG;-21825;-45431;Ouro
GO;-16695;-50568;Ouro
PA;-6170;-50950;Ouro
PA;-5963;-49819;Ouro
PA;-6157;-51681;Ouro
AP;1000;-52150;Ouro
MG;-20918;-44081;Ouro
GO;-14655;-48745;Ouro
MG;-20017;-43500;Ouro
MG;-20199;-43397;Ouro
PA;-6410;-49690;Ouro
AP;1770;-52050;Ouro
AP;1597;-51256;Ouro
AP;1720;-53110;Ouro
BA;-13519;-42138;Ouro
BA;-11227;-40515;Ouro
CE;-6067;-38317;Ouro
CE;-4020;-40439;Ouro
BA;-10925;-39288;Ouro
BA;-10930;-39238;Ouro
BA;-11171;-40468;Ouro
BA;-11414;-39013;Ouro
BA;-11410;-40523;Ouro
BA;-10793;-40409;Ouro
BA;-13262;-41864;Ouro
BA;-13323;-41859;Ouro
BA;-13410;-41293;Ouro
BA;-13600;-41820;Ouro
BA;-13789;-41663;Ouro
MG;-21847;-45395;Ouro
MG;-21854;-45384;Ouro
RO;-8634;-63851;Ouro
MT;-13318;-60364;Ouro
RO;-10175;-65290;Ouro
RO;-13227;-60373;Ouro
RO;-9600;-64905;Ouro
GO;-14450;-48324;Ouro
BA;-13357;-44634;Ouro
BA;-13348;-42095;Ouro
TO;-10737;-48588;Ouro
MG;-17211;-46891;Ouro
MG;-19945;-43451;Ouro
MG;-19997;-43498;Ouro
MG;-20000;-43880;Ouro
PA;-6235;-56739;Ouro
BA;-11364;-40502;Ouro
BA;-13267;-41925;Ouro
BA;-15817;-39250;Ouro
PA;-7273;-56315;Ouro
RR;3436;-62078;Ouro
PA;-5613;-57239;Ouro
GO;-13748;-47463;Ouro
MT;-9811;-55046;Ouro
;4159;-59687;Ouro
;4516;-60084;Ouro
;4641;-60079;Ouro
;4495;-59997;Ouro
;4505;-60138;Ouro
;4527;-60160;Ouro
;4429;-59759;Ouro
;-9767;-65336;Ouro
;-9709;-65486;Ouro
RN;-6081;-38326;Ouro
CE;-6761;-38976;Ouro
MA;-1474;-45759;Ouro
MA;-1315;-45963;Ouro
MA;-1412;-45836;Ouro
MA;-1454;-45855;Ouro
MA;-1416;-45841;Ouro
MA;-1378;-45832;Ouro
MA;-1294;-45755;Ouro
MA;-1290;-45744;Ouro
MA;-1368;-45913;Ouro
MA;-1350;-45844;Ouro
MA;-1479;-45761;Ouro
MA;-1457;-45875;Ouro
MA;-1446;-45888;Ouro
MA;-1464;-45909;Ouro
MA;-1368;-45946;Ouro
MA;-1398;-45859;Ouro
MA;-1341;-45921;Ouro
MA;-1349;-45916;Ouro
MA;-1307;-45802;Ouro
MA;-1293;-45767;Ouro
MA;-1299;-45765;Ouro
MA;-1280;-45714;Ouro
MA;-1288;-45720;Ouro
MA;-1283;-45726;Ouro
MA;-1285;-45732;Ouro
MA;-1296;-45735;Ouro
MA;-1296;-45760;Ouro
MA;-1279;-45761;Ouro
MA;-1275;-45765;Ouro
MA;-1467;-45906;Ouro
MA;-1450;-45634;Ouro
MA;-1451;-45669;Ouro
MA;-1483;-45669;Ouro
MA;-1403;-45839;Ouro
MA;-1357;-45885;Ouro
MT;-10658;-54852;Ouro
MT;-9351;-57228;Ouro
MT;-9415;-57325;Ouro
MT;-9187;-58417;Ouro
MT;-9375;-57243;Ouro
MT;-9336;-57051;Ouro
MT;-9379;-57440;Ouro
MT;-9399;-57455;Ouro
MT;-9372;-57485;Ouro
MT;-9376;-57485;Ouro
MT;-9808;-55582;Ouro
MT;-9512;-56584;Ouro
MT;-9518;-56565;Ouro
MT;-9582;-56574;Ouro
MT;-9375;-56581;Ouro
MT;-9823;-55933;Ouro
MT;-9980;-56640;Ouro
MT;-9503;-56600;Ouro
MT;-9793;-55799;Ouro
MT;-9502;-56290;Ouro
MT;-9514;-56567;Ouro
MT;-9502;-56591;Ouro
MT;-9503;-56576;Ouro
MT;-9525;-56479;Ouro
MT;-9527;-56463;Ouro
MT;-9527;-56421;Ouro
MT;-9827;-56059;Ouro
MT;-10037;-55249;Ouro
MT;-10190;-55019;Ouro
PA;-9372;-56557;Ouro
PA;-9357;-56596;Ouro
MT;-9802;-56060;Ouro
MT;-10795;-55605;Ouro
MT;-10396;-56456;Ouro
MT;-10396;-56441;Ouro
MT;-10624;-55735;Ouro
MT;-10243;-55029;Ouro
MT;-10251;-55028;Ouro
MT;-10240;-54883;Ouro
MT;-10826;-55186;Ouro
MT;-10219;-55081;Ouro
MT;-10221;-55030;Ouro
MT;-10185;-55090;Ouro
MT;-10217;-55122;Ouro
MT;-10098;-55086;Ouro
MT;-10181;-54993;Ouro
MT;-10105;-55120;Ouro
MT;-10025;-55010;Ouro
MT;-10110;-55121;Ouro
MT;-10099;-55172;Ouro
MT;-10249;-55033;Ouro
MT;-10187;-55101;Ouro
MT;-10163;-55111;Ouro
MT;-10206;-55060;Ouro
MT;-10195;-55068;Ouro
MT;-10179;-55054;Ouro
MT;-10206;-55028;Ouro
MT;-10171;-54984;Ouro
MT;-10189;-55009;Ouro
MT;-10193;-55020;Ouro
MT;-10202;-55014;Ouro
MT;-10220;-54952;Ouro
MT;-10117;-55066;Ouro
MT;-10104;-55092;Ouro
MT;-10058;-55090;Ouro
MT;-10031;-55112;Ouro
MT;-10036;-55130;Ouro
MT;-10048;-55124;Ouro
MT;-10054;-55107;Ouro
MT;-10009;-55041;Ouro
MT;-10056;-55155;Ouro
MT;-10070;-55142;Ouro
MT;-10045;-55142;Ouro
MT;-10021;-55011;Ouro
MT;-10086;-54522;Ouro
MT;-10103;-55122;Ouro
MT;-10204;-55034;Ouro
MT;-10110;-55116;Ouro
MT;-10125;-55079;Ouro
MT;-10020;-55006;Ouro
MT;-10206;-55048;Ouro
MT;-10060;-59490;Ouro
MT;-10710;-58780;Ouro
RR;3608;-61880;Ouro
RR;3939;-61989;Ouro
RR;3886;-61951;Ouro
RR;3872;-61879;Ouro
RR;3870;-61846;Ouro
RR;3876;-61820;Ouro
RR;3894;-61817;Ouro
RR;3862;-61788;Ouro
RR;3853;-61741;Ouro
RR;3852;-61741;Ouro
RR;3892;-61542;Ouro
RR;3784;-61961;Ouro
RR;3515;-61939;Ouro
RR;3677;-61930;Ouro
RR;3653;-61916;Ouro
RR;3652;-61880;Ouro
RR;3529;-61930;Ouro
RR;3882;-61699;Ouro
RR;3900;-61665;Ouro
RR;3907;-61663;Ouro
RR;3935;-61641;Ouro
RR;3946;-61568;Ouro
RR;3598;-61886;Ouro
RR;3551;-61915;Ouro
RR;3541;-61890;Ouro
RR;3939;-61932;Ouro
RR;3938;-61928;Ouro
RR;3876;-61724;Ouro
RR;3889;-61723;Ouro
RR;3871;-61707;Ouro
RR;3621;-61637;Ouro
RR;3554;-61738;Ouro
RR;3639;-61724;Ouro
RR;3670;-61745;Ouro
RR;3723;-61720;Ouro
RR;3691;-61700;Ouro
RR;3620;-61855;Ouro
RR;3643;-61622;Ouro
RR;3656;-61734;Ouro
RR;3744;-61533;Ouro
RR;3759;-61544;Ouro
RR;3744;-61557;Ouro
RR;3853;-61762;Ouro
RR;3868;-61887;Ouro
RR;3739;-61572;Ouro
RR;3663;-61600;Ouro
RR;3618;-61577;Ouro
RR;3792;-61507;Ouro
RR;3688;-61620;Ouro
RR;3688;-61614;Ouro
RR;3582;-61578;Ouro
RR;3515;-61899;Ouro
RR;3517;-61885;Ouro
RR;3513;-61878;Ouro
RR;3514;-61873;Ouro
RR;3521;-61862;Ouro
RR;3519;-61874;Ouro
RR;3528;-61855;Ouro
RR;3534;-61838;Ouro
RO;-13157;-60585;Ouro
RO;-13409;-60376;Ouro
RO;-13159;-60506;Ouro
RO;-13100;-60873;Ouro
RO;-13159;-60506;Ouro
RO;-13319;-60381;Ouro
RO;-13189;-60490;Ouro
RO;-13122;-60566;Ouro
MG;-19969;-44429;Ouro
SP;-24518;-48840;Ouro
SP;-24649;-48875;Ouro
PA;-1745;-46540;Ouro
PA;-1890;-46555;Ouro
PA;-1585;-46982;Ouro
PA;-1770;-46544;Ouro
PA;-1769;-46544;Ouro
PA;-1769;-46545;Ouro
PA;-1654;-46871;Ouro
PA;-1771;-46544;Ouro
PA;-1772;-46544;Ouro
MT;-14473;-59828;Ouro
MT;-14490;-59834;Ouro
MT;-14499;-59802;Ouro
MT;-14471;-59829;Ouro
MT;-14463;-59841;Ouro
MT;-14479;-59838;Ouro
MT;-9000;-59121;Ouro
MT;-9152;-58571;Ouro
MT;-9138;-58550;Ouro
MT;-9139;-58562;Ouro
MT;-9126;-58591;Ouro
MT;-9133;-58563;Ouro
MT;-9382;-61205;Ouro
MT;-9074;-60414;Ouro
MG;-18684;-43717;Ouro
MG;-18664;-43770;Ouro
MG;-18648;-43764;Ouro
MG;-18630;-43793;Ouro
MG;-18648;-43814;Ouro
MG;-18617;-43825;Ouro
MG;-18009;-43558;Ouro
MG;-18009;-43542;Ouro
MG;-18042;-43559;Ouro
MG;-18047;-43783;Ouro
MG;-18310;-43977;Ouro
MG;-18670;-43760;Ouro
MG;-18121;-43514;Ouro
GO;-14115;-49279;Ouro
GO;-14139;-49251;Ouro
GO;-14600;-48973;Ouro
GO;-15790;-48607;Ouro
GO;-15800;-49167;Ouro
GO;-15715;-49398;Ouro
GO;-14413;-48232;Ouro
GO;-14512;-48957;Ouro
GO;-15750;-49371;Ouro
GO;-14809;-48727;Ouro
MG;-19280;-41680;Ouro
MG;-19240;-41649;Ouro
MG;-19252;-41633;Ouro
RS;-30392;-53717;Ouro
SC;-27014;-49004;Ouro
GO;-16652;-48603;Ouro
GO;-14646;-49000;Ouro
GO;-14602;-48952;Ouro
GO;-13180;-46824;Ouro
MG;-19535;-41423;Ouro
MG;-19505;-41370;Ouro
MG;-19511;-41375;Ouro
MG;-21772;-43939;Ouro
RS;-30651;-54119;Ouro
MG;-22212;-45708;Ouro
MG;-17567;-43564;Ouro
GO;-16966;-49823;Ouro
GO;-16220;-50822;Ouro
GO;-16430;-49756;Ouro
GO;-16453;-49942;Ouro
GO;-13809;-47465;Ouro
MG;-17165;-46835;Ouro
MG;-17131;-46898;Ouro
GO;-13319;-48038;Ouro
GO;-13317;-48045;Ouro
GO;-13445;-48026;Ouro
GO;-13456;-48024;Ouro
GO;-13655;-47125;Ouro
GO;-13984;-49276;Ouro
RS;-30907;-53830;Ouro
RS;-30846;-53848;Ouro
MG;-19919;-43773;Ouro
MG;-19938;-43806;Ouro
MG;-19935;-43806;Ouro
MG;-19920;-43803;Ouro
MG;-19923;-43812;Ouro
MG;-19909;-43797;Ouro
MG;-19897;-43777;Ouro
MG;-19890;-43785;Ouro
MG;-19880;-43773;Ouro
MG;-19879;-43768;Ouro
MG;-19859;-43731;Ouro
MG;-19853;-43741;Ouro
MG;-19855;-43750;Ouro
MG;-19845;-43742;Ouro
MG;-19848;-43739;Ouro
MG;-19974;-43798;Ouro
MG;-19973;-43814;Ouro
MG;-19969;-43823;Ouro
MG;-19969;-43824;Ouro
MG;-19971;-43819;Ouro
MG;-19986;-43836;Ouro
MG;-19974;-43853;Ouro
MG;-19981;-43911;Ouro
MG;-19748;-43867;Ouro
MG;-19588;-43830;Ouro
MG;-19577;-43885;Ouro
MG;-19541;-43928;Ouro
MG;-20034;-43938;Ouro
MG;-20003;-43879;Ouro
MG;-20005;-43872;Ouro
MG;-20003;-43828;Ouro
MG;-20011;-43838;Ouro
MG;-20009;-43824;Ouro
MG;-20026;-43853;Ouro
MG;-20026;-43845;Ouro
MG;-20024;-43832;Ouro
MG;-20075;-43839;Ouro
MG;-20015;-43698;Ouro
MG;-20043;-43699;Ouro
MG;-20016;-43508;Ouro
MG;-20020;-43511;Ouro
MG;-20020;-43504;Ouro
MG;-20025;-43511;Ouro
MG;-20028;-43511;Ouro
MG;-20115;-43987;Ouro
MG;-20221;-43850;Ouro
MG;-20217;-43845;Ouro
MG;-20230;-43853;Ouro
MG;-20225;-43850;Ouro
MG;-20082;-43833;Ouro
MG;-20101;-43825;Ouro
MG;-20102;-43776;Ouro
MG;-20106;-43774;Ouro
MG;-20153;-43849;Ouro
MG;-20146;-43831;Ouro
MG;-20145;-43767;Ouro
MG;-20147;-43765;Ouro
MG;-20162;-43786;Ouro
MG;-20179;-43770;Ouro
MG;-20240;-43849;Ouro
MG;-20245;-43847;Ouro
MG;-20253;-43849;Ouro
MG;-20139;-43758;Ouro
MG;-20137;-43749;Ouro
MG;-20147;-43740;Ouro
MG;-20157;-43736;Ouro
MG;-20156;-43734;Ouro
MG;-20162;-43733;Ouro
MG;-20170;-43725;Ouro
MG;-20174;-43718;Ouro
MG;-20181;-43713;Ouro
MG;-20184;-43708;Ouro
PA;-7251;-50681;Ouro
PA;-7899;-50968;Ouro
PA;-7752;-50869;Ouro
PA;-5958;-51329;Ouro
PA;-5724;-50911;Ouro
PA;-5983;-51051;Ouro
PA;-2112;-46421;Ouro
PA;-2076;-46437;Ouro
PA;-2096;-46476;Ouro
PA;-2191;-46376;Ouro
PA;-1768;-46545;Ouro
PA;-1740;-46551;Ouro
GO;-16299;-50935;Ouro
GO;-16334;-50887;Ouro
GO;-16267;-50892;Ouro
GO;-16220;-50862;Ouro
GO;-16302;-50868;Ouro
GO;-16250;-50872;Ouro
GO;-16580;-50573;Ouro
GO;-16198;-50875;Ouro
MG;-21775;-45328;Ouro
MG;-21347;-45773;Ouro
MG;-19959;-41838;Ouro
ES;-20508;-41673;Ouro
ES;-20581;-41645;Ouro
MG;-20187;-43705;Ouro
MG;-20192;-43699;Ouro
MG;-20205;-43688;Ouro
MG;-20205;-43685;Ouro
MG;-20211;-43679;Ouro
MG;-18576;-43677;Ouro
MG;-20215;-43666;Ouro
MG;-20217;-43664;Ouro
MG;-20223;-43658;Ouro
MG;-20227;-43649;Ouro
MG;-20235;-43638;Ouro
MG;-20238;-43633;Ouro
MG;-20238;-43631;Ouro
MG;-20244;-43646;Ouro
MG;-20254;-43639;Ouro
MG;-20253;-43635;Ouro
MG;-20248;-43614;Ouro
MG;-20255;-43599;Ouro
MG;-20268;-43620;Ouro
MG;-20277;-43623;Ouro
GO;-16453;-49944;Ouro
GO;-16120;-51009;Ouro
GO;-14239;-49379;Ouro
GO;-14587;-49931;Ouro
TO;-11676;-47143;Ouro
MT;-16250;-56617;Ouro
MT;-15541;-56045;Ouro
GO;-13959;-49403;Ouro
GO;-13952;-49238;Ouro
GO;-13975;-49173;Ouro
GO;-15906;-50084;Ouro
GO;-16252;-47886;Ouro
BA;-10975;-39289;Ouro
BA;-10962;-39291;Ouro
BA;-10098;-39534;Ouro
MG;-16061;-43137;Ouro
MT;-10136;-55060;Ouro
MT;-10721;-54916;Ouro
MT;-10380;-54807;Ouro
MT;-10225;-55097;Ouro
MT;-10730;-54930;Ouro
MT;-10668;-54949;Ouro
MT;-9373;-57540;Ouro
MT;-9412;-57401;Ouro
MT;-10102;-55064;Ouro
MT;-9382;-57230;Ouro
MT;-10143;-55231;Ouro
MT;-10166;-55182;Ouro
MT;-10272;-54961;Ouro
GO;-14420;-47398;Ouro
GO;-14043;-47180;Ouro
GO;-13781;-47454;Ouro
GO;-13591;-48104;Ouro
GO;-13534;-48058;Ouro
RS;-30949;-52605;Ouro
RS;-31030;-54062;Ouro
RS;-31066;-54269;Ouro
ES;-19506;-40890;Ouro
MG;-19973;-43211;Ouro
MG;-19971;-43223;Ouro
ES;-20622;-41625;Ouro
MG;-18652;-43667;Ouro
MG;-18622;-43851;Ouro
MG;-18633;-43808;Ouro
MG;-18673;-43772;Ouro
MG;-18994;-43442;Ouro
MG;-18767;-42718;Ouro
MG;-18864;-42944;Ouro
PA;-9471;-51163;Ouro
GO;-16500;-50504;Ouro
GO;-16340;-50791;Ouro
GO;-16352;-52056;Ouro
GO;-13776;-47417;Ouro
GO;-13788;-47382;Ouro
GO;-13819;-47352;Ouro
MG;-19282;-41781;Ouro
MG;-19477;-41382;Ouro
MG;-17403;-42867;Ouro
MG;-17064;-42616;Ouro
MG;-17658;-42651;Ouro
MG;-16882;-42349;Ouro
MG;-21824;-45500;Ouro
MG;-21899;-45740;Ouro
MG;-21250;-42217;Ouro
MG;-21433;-42563;Ouro
MG;-20274;-43580;Ouro
MG;-20284;-43582;Ouro
MG;-20311;-43603;Ouro
MG;-20295;-43587;Ouro
MG;-20295;-43578;Ouro
MG;-20304;-43580;Ouro
MG;-20296;-43568;Ouro
MG;-20293;-43563;Ouro
MG;-20290;-43562;Ouro
MG;-20295;-43560;Ouro
MG;-20299;-43560;Ouro
MG;-20314;-43576;Ouro
MG;-20309;-43541;Ouro
MG;-20130;-43649;Ouro
MG;-20129;-43650;Ouro
MG;-20174;-43607;Ouro
MG;-20317;-44119;Ouro
MG;-20328;-44081;Ouro
MG;-20328;-44026;Ouro
MG;-20292;-43895;Ouro
MG;-20309;-43901;Ouro
MG;-20312;-43901;Ouro
MG;-20329;-43899;Ouro
MG;-20343;-43894;Ouro
MG;-20351;-43883;Ouro
MG;-20355;-43876;Ouro
MG;-20286;-43864;Ouro
MG;-18725;-43387;Ouro
MG;-18805;-43171;Ouro
GO;-13934;-49132;Ouro
GO;-13934;-49116;Ouro
GO;-13853;-49113;Ouro
GO;-13896;-49023;Ouro
GO;-13896;-49016;Ouro
GO;-14777;-49593;Ouro
GO;-14734;-49547;Ouro
GO;-14777;-49547;Ouro
GO;-14499;-49987;Ouro
GO;-14478;-49956;Ouro
GO;-14638;-49648;Ouro
GO;-14563;-49635;Ouro
MG;-16900;-42944;Ouro
MG;-20350;-43561;Ouro
MG;-20332;-43523;Ouro
MG;-20335;-43515;Ouro
MG;-20341;-43503;Ouro
MG;-20442;-43617;Ouro
MG;-20452;-43610;Ouro
MG;-20500;-43667;Ouro
MG;-20525;-43824;Ouro
MG;-20534;-43819;Ouro
MG;-20537;-43816;Ouro
MG;-20531;-43808;Ouro
MG;-20552;-43791;Ouro
MG;-20559;-43774;Ouro
MG;-20562;-43772;Ouro
MG;-20562;-43770;Ouro
MG;-20565;-43775;Ouro
MG;-20564;-43762;Ouro
MG;-20565;-43755;Ouro
MG;-20569;-43762;Ouro
MG;-20573;-43773;Ouro
MG;-20577;-43766;Ouro
MG;-20582;-43758;Ouro
MG;-20582;-43755;Ouro
MG;-20588;-43756;Ouro
MG;-20585;-43752;Ouro
MG;-20587;-43751;Ouro
MG;-20584;-43749;Ouro
MG;-20586;-43745;Ouro
MG;-20590;-43750;Ouro
MG;-20594;-43745;Ouro
MG;-20595;-43744;Ouro
MG;-20597;-43740;Ouro
MG;-20600;-43735;Ouro
MG;-20601;-43728;Ouro
MG;-20604;-43730;Ouro
MG;-20621;-43695;Ouro
MG;-20688;-43605;Ouro
MG;-20688;-43513;Ouro
MG;-20971;-44083;Ouro
MG;-17657;-42662;Ouro
PA;-5282;-57544;Ouro
PA;-5444;-57682;Ouro
PA;-5514;-57141;Ouro
PA;-5545;-57021;Ouro
PA;-5948;-56657;Ouro
PA;-5786;-57009;Ouro
PA;-5783;-56935;Ouro
GO;-13664;-47063;Ouro
GO;-13484;-48000;Ouro
GO;-13550;-47834;Ouro
GO;-13837;-47425;Ouro
GO;-13805;-47337;Ouro
GO;-13790;-47336;Ouro
GO;-13714;-47311;Ouro
GO;-13668;-47294;Ouro
GO;-13618;-47298;Ouro
GO;-13540;-47256;Ouro
GO;-13513;-47105;Ouro
GO;-13634;-46950;Ouro
GO;-13201;-46838;Ouro
GO;-13225;-46866;Ouro
GO;-13883;-47411;Ouro
GO;-13871;-47489;Ouro
GO;-13503;-47185;Ouro
GO;-13531;-47187;Ouro
MG;-21133;-44259;Ouro
MG;-21076;-44144;Ouro
MG;-19602;-43235;Ouro
MG;-19972;-43475;Ouro
MG;-19867;-43743;Ouro
GO;-14074;-47181;Ouro
GO;-13399;-46372;Ouro
GO;-13369;-46322;Ouro
MG;-20303;-42482;Ouro
SC;-26870;-48939;Ouro
RS;-30709;-53783;Ouro
RJ;-21215;-41442;Ouro
MG;-20080;-43413;Ouro
MG;-20095;-43416;Ouro
MG;-21164;-44453;Ouro
MG;-21089;-44614;Ouro
MG;-21096;-44554;Ouro
MG;-21082;-44545;Ouro
MG;-21157;-44453;Ouro
MG;-21160;-44405;Ouro
MG;-21167;-44345;Ouro
MG;-21137;-44279;Ouro
MG;-21084;-44271;Ouro
MG;-21093;-44266;Ouro
MG;-21114;-44261;Ouro
MG;-21120;-44251;Ouro
MG;-21108;-44225;Ouro
MG;-21110;-44200;Ouro
MG;-21114;-44191;Ouro
MG;-21125;-44179;Ouro
MG;-21107;-44170;Ouro
MG;-21125;-44166;Ouro
MG;-21039;-44064;Ouro
MG;-21081;-44145;Ouro
MG;-21073;-44067;Ouro
MG;-21062;-44053;Ouro
MG;-21120;-44128;Ouro
MG;-21117;-44117;Ouro
MG;-21239;-44906;Ouro
MG;-21259;-43900;Ouro
MG;-20350;-43312;Ouro
MG;-20361;-43309;Ouro
MG;-20382;-43325;Ouro
MG;-20378;-43310;Ouro
MG;-20388;-43310;Ouro
MG;-19950;-43576;Ouro
MG;-19953;-43605;Ouro
MG;-19951;-43612;Ouro
MG;-20169;-43408;Ouro
PA;-7473;-57119;Ouro
PA;-7320;-57121;Ouro
PA;-7268;-57158;Ouro
PA;-7250;-57143;Ouro
PA;-7221;-57174;Ouro
PA;-7051;-56899;Ouro
GO;-13702;-47460;Ouro
GO;-13714;-46876;Ouro
GO;-13862;-47609;Ouro
GO;-13671;-47562;Ouro
GO;-13753;-47289;Ouro
MG;-17758;-43610;Ouro
MG;-17671;-43607;Ouro
MG;-21170;-44459;Ouro
MG;-19879;-43690;Ouro
MG;-19883;-43681;Ouro
MG;-19869;-43676;Ouro
MG;-20364;-43285;Ouro
MG;-20342;-43259;Ouro
MG;-20346;-43257;Ouro
MG;-20350;-43257;Ouro
MG;-20328;-43193;Ouro
MG;-20366;-43206;Ouro
GO;-15363;-49171;Ouro
GO;-15584;-49018;Ouro
MG;-19459;-41383;Ouro
MG;-16892;-42412;Ouro
MG;-16863;-42422;Ouro
MG;-16837;-42417;Ouro
MG;-16786;-42371;Ouro
MG;-16824;-42337;Ouro
MG;-20348;-43605;Ouro
MG;-20351;-43599;Ouro
MG;-20346;-43565;Ouro
RS;-30790;-53913;Ouro
RS;-30790;-53920;Ouro
RS;-30798;-53934;Ouro
RS;-30798;-53922;Ouro
RS;-30802;-53944;Ouro
RS;-30806;-53944;Ouro
RS;-30809;-53913;Ouro
RS;-30814;-53896;Ouro
RS;-30820;-53807;Ouro
RS;-30827;-53857;Ouro
RS;-30648;-53497;Ouro
SC;-26863;-48945;Ouro
SC;-26997;-49005;Ouro
MG;-19800;-42816;Ouro
MG;-19795;-42820;Ouro
MG;-19789;-42820;Ouro
MG;-19750;-42864;Ouro
MG;-20077;-43269;Ouro
MG;-19950;-43583;Ouro
MG;-20225;-43434;Ouro
MG;-20349;-43410;Ouro
MG;-20004;-43500;Ouro
MG;-20011;-43500;Ouro
MG;-20004;-43463;Ouro
MG;-20008;-43466;Ouro
MG;-20013;-43447;Ouro
MG;-20020;-43470;Ouro
MG;-20024;-43469;Ouro
MG;-20029;-43454;Ouro
MG;-20040;-43473;Ouro
MG;-20036;-43454;Ouro
MG;-20037;-43441;Ouro
MG;-20040;-43458;Ouro
MG;-20042;-43461;Ouro
MG;-20046;-43463;Ouro
MG;-20047;-43396;Ouro
MG;-17619;-42676;Ouro
MG;-17616;-42658;Ouro
MG;-17609;-42683;Ouro
MG;-17580;-42689;Ouro
MG;-17094;-42621;Ouro
MG;-17073;-42617;Ouro
MG;-17079;-42546;Ouro
MG;-17084;-42538;Ouro
MG;-17095;-42541;Ouro
MG;-17085;-42532;Ouro
MG;-17082;-42530;Ouro
MG;-17081;-42535;Ouro
MG;-17215;-42587;Ouro
MG;-17601;-42452;Ouro
MG;-17539;-42492;Ouro
MT;-9227;-57035;Ouro
MT;-10107;-55131;Ouro
MT;-10551;-54668;Ouro
MT;-9973;-56640;Ouro
MT;-11490;-58973;Ouro
MT;-9854;-51326;Ouro
GO;-15797;-48764;Ouro
GO;-15830;-48748;Ouro
GO;-15833;-48624;Ouro
MG;-17907;-43510;Ouro
MG;-17879;-43897;Ouro
MG;-15848;-42784;Ouro
MG;-15511;-42793;Ouro
RJ;-21144;-41656;Ouro
RJ;-21206;-41357;Ouro
MG;-21946;-45675;Ouro
MG;-21912;-45638;Ouro
MG;-21930;-45591;Ouro
MG;-21892;-45638;Ouro
MG;-21895;-45580;Ouro
MG;-21877;-45575;Ouro
MG;-21823;-45525;Ouro
MG;-21930;-45461;Ouro
MG;-21803;-45424;Ouro
MG;-19739;-42797;Ouro
MG;-19752;-42802;Ouro
MG;-19782;-42823;Ouro
MG;-19719;-42843;Ouro
MG;-19767;-42871;Ouro
MG;-19670;-42860;Ouro
ES;-20542;-41654;Ouro
ES;-20303;-40909;Ouro
MG;-17834;-43450;Ouro
MG;-17584;-43550;Ouro
MG;-20064;-43396;Ouro
MG;-20072;-43401;Ouro
MG;-20174;-43417;Ouro
MG;-20179;-43418;Ouro
MG;-20179;-43407;Ouro
MG;-20200;-43387;Ouro
MG;-20202;-43378;Ouro
MG;-20198;-43365;Ouro
MG;-20194;-43331;Ouro
MG;-20163;-43296;Ouro
MG;-20223;-43425;Ouro
MG;-20241;-43410;Ouro
MG;-20243;-43404;Ouro
MG;-20261;-43444;Ouro
MG;-20266;-43413;Ouro
MG;-20274;-43435;Ouro
MG;-20285;-43468;Ouro
MG;-20294;-43487;Ouro
MG;-20290;-43481;Ouro
MG;-20295;-43474;Ouro
MG;-20291;-43451;Ouro
MG;-20302;-43490;Ouro
MG;-20302;-43484;Ouro
MG;-20316;-43481;Ouro
MG;-20310;-43450;Ouro
MG;-20301;-43255;Ouro
MG;-20299;-43211;Ouro
MG;-20205;-42859;Ouro
MG;-20275;-42918;Ouro
MG;-20351;-43447;Ouro
MG;-20355;-43438;Ouro
MG;-20356;-43415;Ouro
MG;-20361;-43438;Ouro
MG;-20359;-43401;Ouro
MG;-20377;-43489;Ouro
MG;-20379;-43475;Ouro
MG;-20377;-43444;Ouro
MG;-20374;-43430;Ouro
MG;-20393;-43485;Ouro
MG;-20382;-43462;Ouro
MG;-20382;-43454;Ouro
MG;-20383;-43441;Ouro
MG;-20350;-43350;Ouro
MG;-20355;-43337;Ouro
MG;-20365;-43331;Ouro
GO;-13707;-46865;Ouro
MG;-20345;-43104;Ouro
MG;-20354;-43116;Ouro
MG;-20388;-43376;Ouro
MG;-20416;-43392;Ouro
MG;-20430;-43370;Ouro
MG;-20434;-43351;Ouro
MG;-20471;-43474;Ouro
MG;-20456;-43332;Ouro
MG;-20469;-43355;Ouro
MG;-20468;-43329;Ouro
MG;-20470;-43315;Ouro
MT;-15821;-56387;Ouro
GO;-15796;-48996;Ouro
GO;-14678;-48837;Ouro
GO;-14550;-48821;Ouro
GO;-14527;-48911;Ouro
GO;-14575;-48681;Ouro
GO;-14219;-48609;Ouro
GO;-14217;-48626;Ouro
GO;-14293;-48611;Ouro
GO;-14378;-48604;Ouro
GO;-15734;-49405;Ouro
GO;-15750;-49400;Ouro
GO;-15780;-49335;Ouro
GO;-15794;-49317;Ouro
GO;-15820;-49330;Ouro
GO;-15844;-49214;Ouro
GO;-15807;-49121;Ouro
GO;-15871;-49077;Ouro
GO;-15384;-49034;Ouro
GO;-15735;-48969;Ouro
GO;-15634;-48997;Ouro
GO;-15647;-48967;Ouro
GO;-15619;-48975;Ouro
GO;-15645;-48917;Ouro
MG;-19525;-41367;Ouro
MG;-19496;-41290;Ouro
MG;-20527;-43350;Ouro
MG;-20514;-43295;Ouro
MG;-20518;-43287;Ouro
MG;-20536;-43271;Ouro
MG;-20544;-43266;Ouro
MG;-20548;-43263;Ouro
MG;-20557;-43263;Ouro
MG;-20567;-43257;Ouro
MG;-20715;-43245;Ouro
MG;-19909;-43773;Ouro
MG;-19906;-43765;Ouro
GO;-14445;-48557;Ouro
GO;-14548;-48442;Ouro
GO;-14550;-48427;Ouro
GO;-14402;-48270;Ouro
GO;-14155;-48067;Ouro
GO;-14405;-48595;Ouro
GO;-14286;-49469;Ouro
MG;-19216;-41630;Ouro
MG;-19225;-41607;Ouro
MG;-19202;-41671;Ouro
MG;-19269;-41679;Ouro
MG;-19350;-41750;Ouro
MT;-10698;-54954;Ouro
MT;-10507;-54695;Ouro
MT;-10381;-54695;Ouro
MT;-10239;-54884;Ouro
RS;-30968;-54440;Ouro
RS;-30284;-53725;Ouro
RS;-30345;-53746;Ouro
RS;-30497;-53404;Ouro
RS;-30352;-53666;Ouro
SC;-27133;-48999;Ouro
SC;-27116;-48937;Ouro
SC;-27170;-48999;Ouro
SC;-27190;-49017;Ouro
MG;-20564;-43262;Ouro
MG;-20275;-42954;Ouro
MG;-19923;-43161;Ouro
MG;-19882;-43393;Ouro
MG;-19657;-43266;Ouro
MG;-19642;-43250;Ouro
MG;-19614;-43231;Ouro
MG;-19809;-43251;Ouro
MG;-19915;-43771;Ouro
MG;-17314;-42304;Ouro
MG;-17314;-42314;Ouro
MT;-10632;-55742;Ouro
MT;-15981;-56317;Ouro
GO;-15672;-48923;Ouro
GO;-15865;-48890;Ouro
GO;-15779;-48889;Ouro
MG;-21786;-43952;Ouro
MG;-21762;-43887;Ouro
MG;-21632;-43913;Ouro
MG;-21641;-43909;Ouro
MG;-21889;-43589;Ouro
MG;-21886;-43582;Ouro
RJ;-21179;-41995;Ouro
PA;-6020;-50600;Ouro
PA;-6390;-50050;Ouro
PA;-6424;-49914;Ouro
MG;-21823;-45528;Ouro
MG;-21845;-45565;Ouro
MG;-21833;-45538;Ouro
MG;-21838;-45530;Ouro
MG;-21812;-45513;Ouro
MG;-21831;-45553;Ouro
MG;-21853;-45398;Ouro
MG;-21856;-45380;Ouro
MG;-20065;-41891;Ouro
PE;-7908;-39351;Ouro
RS;-32075;-53029;Ouro
RR;2504;-63756;Ouro
RR;2529;-63794;Ouro
RR;2488;-63729;Ouro
RR;2948;-63926;Ouro
AM;1812;-67876;Ouro
AM;1830;-68016;Ouro
AM;1740;-68131;Ouro
AM;1855;-68185;Ouro
AM;-677;-69545;Ouro
AM;-933;-69377;Ouro
AM;-840;-69469;Ouro
AM;-834;-69372;Ouro
AM;-768;-69523;Ouro
AM;1779;-67932;Ouro
AM;-419;-69649;Ouro
AM;-473;-69633;Ouro
RO;-11879;-62272;Ouro
GO;-13687;-48035;Ouro
PB;-7328;-37373;Ouro
TO;-10290;-48360;Ouro
TO;-7818;-48149;Ouro
TO;-10139;-48299;Ouro
AM;-523;-69568;Ouro
AM;-376;-69568;Ouro
AM;-870;-69527;Ouro
PA;-7057;-56830;Ouro
PA;-5773;-56873;Ouro
PA;-6235;-56330;Ouro
PA;-7063;-55009;Ouro
PA;-6383;-56802;Ouro
PA;-6194;-57604;Ouro
PA;-6827;-56172;Ouro
PA;-6991;-57023;Ouro
PA;-7672;-56735;Ouro
PA;-5185;-57468;Ouro
PA;-5392;-56811;Ouro
PA;-5235;-56793;Ouro
PA;-5311;-56180;Ouro
PA;-6334;-56250;Ouro
MG;-20425;-42997;Ouro
GO;-17334;-49527;Ouro
GO;-17344;-49810;Ouro
GO;-16239;-47873;Ouro
MG;-16475;-47417;Ouro
GO;-17307;-48519;Ouro
GO;-13783;-49277;Ouro
GO;-13963;-49153;Ouro
GO;-13898;-49138;Ouro
GO;-13858;-49131;Ouro
GO;-14756;-49633;Ouro
GO;-14528;-50005;Ouro
GO;-14562;-49969;Ouro
GO;-14572;-49969;Ouro
MG;-19345;-41750;Ouro
MG;-19312;-41682;Ouro
MG;-19276;-41730;Ouro
MG;-19240;-41535;Ouro
MG;-21163;-42613;Ouro
MG;-21192;-42638;Ouro
MG;-21256;-42267;Ouro
MG;-21409;-42656;Ouro
GO;-17355;-48321;Ouro
GO;-17537;-48528;Ouro
GO;-17545;-48062;Ouro
GO;-17537;-48062;Ouro
GO;-17761;-48103;Ouro
GO;-17901;-48078;Ouro
GO;-17746;-48635;Ouro
GO;-16662;-48616;Ouro
GO;-16765;-48917;Ouro
GO;-15572;-50385;Ouro
GO;-15581;-50379;Ouro
GO;-15595;-50360;Ouro
GO;-15685;-50313;Ouro
GO;-15918;-50133;Ouro
GO;-15912;-50115;Ouro
GO;-15937;-50053;Ouro
GO;-15974;-50017;Ouro
GO;-15805;-50104;Ouro
MG;-21350;-42309;Ouro
MG;-21364;-42300;Ouro
MG;-21396;-42363;Ouro
MG;-21392;-42342;Ouro
MG;-21455;-42353;Ouro
MG;-21338;-42250;Ouro
MG;-21367;-42283;Ouro
GO;-16232;-48032;Ouro
MT;-15953;-56315;Ouro
MT;-15696;-56358;Ouro
MT;-15892;-56170;Ouro
MT;-15401;-56022;Ouro
MT;-16070;-56660;Ouro
PA;-7838;-56698;Ouro
PA;-6376;-56286;Ouro
AM;-5617;-58817;Ouro
PA;-7599;-56703;Ouro
PA;-7300;-56567;Ouro
RS;-30823;-53825;Ouro
GO;-15425;-50485;Ouro
GO;-15510;-50390;Ouro
GO;-15737;-50600;Ouro
GO;-15537;-50509;Ouro
GO;-15450;-50414;Ouro
GO;-15728;-50375;Ouro
GO;-15748;-50317;Ouro
GO;-15839;-50297;Ouro
MG;-18102;-43533;Ouro
MG;-18259;-43581;Ouro
MG;-18639;-43766;Ouro
MG;-18649;-43727;Ouro
MG;-18648;-43721;Ouro
MG;-18653;-43686;Ouro
MG;-18661;-43711;Ouro
MG;-18686;-43688;Ouro
MG;-18723;-43514;Ouro
MG;-18720;-43399;Ouro
MG;-18730;-43397;Ouro
MG;-18737;-43393;Ouro
MG;-19241;-43110;Ouro
MG;-19177;-43318;Ouro
MG;-19062;-43468;Ouro
MG;-19875;-43409;Ouro
MG;-18725;-43375;Ouro
MG;-18750;-43388;Ouro
MG;-19971;-43478;Ouro
MG;-19975;-43481;Ouro
MG;-19970;-43470;Ouro
MG;-19965;-43463;Ouro
MG;-19959;-43457;Ouro
MG;-19951;-43468;Ouro
MG;-19954;-43451;Ouro
MG;-19952;-43443;Ouro
MG;-19956;-43449;Ouro
MG;-19986;-43448;Ouro
MG;-20000;-43459;Ouro
MG;-19986;-43435;Ouro
MG;-19981;-43432;Ouro
MG;-19999;-43496;Ouro
MG;-19996;-43493;Ouro
MG;-20003;-43489;Ouro
MG;-19994;-43480;Ouro
MG;-19980;-43431;Ouro
MG;-19912;-43312;Ouro
MG;-19928;-43314;Ouro
MG;-19938;-43307;Ouro
MG;-19942;-43310;Ouro
MG;-19948;-43306;Ouro
MG;-19961;-43301;Ouro
MG;-19939;-43260;Ouro
MG;-19976;-43220;Ouro
MG;-18767;-43160;Ouro
MG;-18627;-43422;Ouro
MG;-18914;-43467;Ouro
MG;-18979;-43493;Ouro
MG;-18747;-43353;Ouro
MG;-18686;-43383;Ouro
MG;-18716;-43394;Ouro
MG;-18659;-43390;Ouro
MG;-18506;-43458;Ouro
MG;-18560;-43418;Ouro
MG;-18985;-43454;Ouro
MG;-18952;-43443;Ouro
MG;-18642;-43394;Ouro
MG;-19953;-43641;Ouro
MG;-18884;-43286;Ouro
MG;-17990;-43550;Ouro
MG;-17873;-43503;Ouro
MG;-17959;-43523;Ouro
MG;-17824;-43590;Ouro
MG;-19870;-43678;Ouro
MG;-19867;-43678;Ouro
MG;-19861;-43680;Ouro
MG;-19863;-43681;Ouro
MG;-19872;-43694;Ouro
MG;-19877;-43698;Ouro
MG;-19869;-43690;Ouro
MG;-19877;-43709;Ouro
MG;-19860;-43710;Ouro
MG;-19886;-43673;Ouro
MG;-18248;-43451;Ouro
MG;-18467;-43325;Ouro
MG;-17641;-43620;Ouro
MG;-17936;-43523;Ouro
MG;-19958;-43596;Ouro
MG;-19943;-43889;Ouro
MG;-19957;-43632;Ouro
MG;-19950;-43617;Ouro
MG;-21275;-43811;Ouro
MG;-21131;-44288;Ouro
MG;-21269;-43783;Ouro
MG;-21306;-43883;Ouro
MG;-21279;-43871;Ouro
MG;-21268;-43893;Ouro
MG;-19939;-44433;Ouro
MG;-19960;-44422;Ouro
MG;-19969;-44430;Ouro
MG;-19941;-44435;Ouro
MG;-19959;-43638;Ouro
MG;-19956;-43628;Ouro
MG;-19954;-43638;Ouro
MG;-19953;-43640;Ouro
MG;-19968;-43667;Ouro
MG;-19966;-43663;Ouro
MG;-19964;-43664;Ouro
MG;-19960;-43667;Ouro
MG;-19961;-43665;Ouro
MG;-19981;-43670;Ouro
MG;-19964;-43686;Ouro
MG;-19967;-43678;Ouro
MG;-19971;-43686;Ouro
MG;-19933;-43655;Ouro
MG;-19979;-43690;Ouro
MG;-19998;-43703;Ouro
MG;-19992;-43697;Ouro
MG;-19965;-43714;Ouro
MG;-19963;-43712;Ouro
MG;-19946;-43721;Ouro
MG;-19949;-43725;Ouro
MG;-19943;-43703;Ouro
MG;-19932;-43703;Ouro
MG;-19929;-43719;Ouro
MG;-19957;-43708;Ouro
MG;-19932;-43692;Ouro
MG;-19931;-43685;Ouro
MG;-19936;-43673;Ouro
MG;-19940;-43674;Ouro
MG;-19939;-43670;Ouro
MG;-19944;-43668;Ouro
MG;-19927;-43672;Ouro
MG;-19930;-43666;Ouro
MG;-19914;-43669;Ouro
MG;-19974;-43678;Ouro
MG;-19920;-43708;Ouro
MG;-19931;-43603;Ouro
MG;-19902;-43676;Ouro
MG;-19902;-43695;Ouro
MG;-19890;-43706;Ouro
MG;-19889;-43688;Ouro
MG;-19840;-43682;Ouro
MG;-19838;-43656;Ouro
MG;-19835;-43653;Ouro
MG;-19833;-43650;Ouro
MG;-19831;-43650;Ouro
MG;-19825;-43649;Ouro
MG;-19817;-43650;Ouro
MG;-19820;-43650;Ouro
MG;-19815;-43646;Ouro
MG;-19815;-43653;Ouro
MG;-19910;-43724;Ouro
MG;-19907;-43721;Ouro
MG;-19907;-43716;Ouro
MG;-19918;-43729;Ouro
MG;-19915;-43732;Ouro
MG;-19920;-43740;Ouro
MG;-19929;-43699;Ouro
MG;-19934;-43675;Ouro
MG;-19940;-43742;Ouro
MG;-19931;-43740;Ouro
MG;-19935;-43739;Ouro
MG;-19945;-43730;Ouro
MG;-19938;-43728;Ouro
MG;-19958;-43746;Ouro
MG;-19989;-43717;Ouro
MG;-19989;-43707;Ouro
MG;-19940;-43762;Ouro
MG;-19945;-43755;Ouro
MG;-19941;-43778;Ouro
MG;-19934;-43781;Ouro
MG;-19927;-43754;Ouro
MG;-19922;-43756;Ouro
MG;-19906;-43747;Ouro
MG;-19892;-43751;Ouro
MG;-19902;-43760;Ouro
MG;-20105;-43662;Ouro
MG;-20036;-43847;Ouro
MG;-20038;-43828;Ouro
MG;-19061;-43046;Ouro
MG;-20045;-43813;Ouro
MG;-20052;-43792;Ouro
MG;-20059;-43820;Ouro
MG;-20063;-43794;Ouro
MG;-20074;-43842;Ouro
RS;-30997;-54364;Ouro
MG;-20018;-43800;Ouro
MG;-20033;-43853;Ouro
MG;-19750;-42869;Ouro
MG;-20023;-43823;Ouro
MG;-20024;-43509;Ouro
MG;-20203;-43690;Ouro
MG;-20720;-43514;Ouro
MG;-20064;-43439;Ouro
MG;-20339;-43473;Ouro
MG;-20392;-43443;Ouro
MG;-20213;-43677;Ouro
MG;-20217;-43671;Ouro
MG;-21142;-42604;Ouro
GO;-17500;-49445;Ouro
GO;-17500;-49117;Ouro
MG;-19205;-41548;Ouro
GO;-17303;-48456;Ouro
GO;-13855;-49090;Ouro
PA;-5315;-56667;Ouro
PA;-6311;-55775;Ouro
PA;-5784;-56968;Ouro
PA;-5599;-56752;Ouro
GO;-15947;-50031;Ouro
GO;-15937;-50162;Ouro
MG;-18643;-43391;Ouro
MG;-19995;-43492;Ouro
MG;-17784;-43598;Ouro
MG;-19967;-43714;Ouro
GO;-15605;-50440;Ouro
GO;-17864;-48480;Ouro
PA;-6297;-55847;Ouro
MG;-21780;-45398;Ouro
MG;-20319;-43475;Ouro
MG;-20357;-43151;Ouro
GO;-14432;-48354;Ouro
MT;-9528;-56454;Ouro
GO;-13727;-47462;Ouro
MG;-20341;-43214;Ouro
MG;-16819;-42305;Ouro
RS;-30814;-53917;Ouro
MG;-20170;-43644;Ouro
GO;-14584;-49809;Ouro
GO;-13559;-47784;Ouro
MG;-20100;-43410;Ouro
MG;-21155;-44408;Ouro
MG;-19853;-43726;Ouro
MG;-20011;-43804;Ouro
GO;-16067;-50033;Ouro
GO;-13512;-47990;Ouro
MG;-18219;-43591;Ouro
GO;-13982;-49148;Ouro
GO;-16200;-50867;Ouro
RS;-31029;-54360;Ouro
MG;-18353;-47560;Ouro
MG;-19835;-43652;Ouro
MG;-19816;-43651;Ouro
MG;-19820;-43651;Ouro
MG;-19910;-43728;Ouro
MG;-19945;-43777;Ouro
MG;-19889;-43740;Ouro
MG;-17921;-43524;Ouro
MG;-19869;-43696;Ouro
MG;-19877;-43671;Ouro
MG;-18771;-43479;Ouro
MG;-19953;-43622;Ouro
MG;-19945;-44426;Ouro
MG;-19979;-44438;Ouro
MG;-19940;-43668;Ouro
MG;-19929;-43674;Ouro
MG;-19912;-43712;Ouro
MG;-19898;-43702;Ouro
MG;-19042;-43428;Ouro
MG;-19700;-42878;Ouro
MG;-18750;-43438;Ouro
MG;-19967;-43468;Ouro
MG;-19941;-43452;Ouro
MG;-19958;-43435;Ouro
MG;-20004;-43490;Ouro
MG;-19999;-43495;Ouro
MG;-19963;-43422;Ouro
MG;-19911;-43301;Ouro
MG;-19970;-43235;Ouro
MG;-18898;-43272;Ouro
MG;-18978;-43492;Ouro
MG;-19951;-43693;Ouro
MG;-20233;-43438;Ouro
MT;-15777;-56580;Ouro
MT;-16244;-56632;Ouro
PE;-7311;-37220;Ouro
MG;-21841;-45402;Ouro
RR;3201;-63746;Ouro
AM;2121;-63340;Ouro
AM;1840;-68178;Ouro
AM;-805;-69480;Ouro
AM;-551;-69566;Ouro
MG;-21822;-45532;Ouro
MG;-21840;-45377;Ouro
MG;-18034;-43550;Ouro
MG;-18600;-43772;Ouro
GO;-14007;-49010;Ouro
GO;-14182;-48678;Ouro
GO;-13293;-48078;Ouro
GO;-13454;-48078;Ouro
GO;-14580;-49957;Ouro
GO;-13580;-47053;Ouro
MG;-19918;-43775;Ouro
MG;-19928;-43816;Ouro
MG;-19877;-43774;Ouro
MG;-19851;-43732;Ouro
MG;-19840;-43727;Ouro
MG;-19969;-43819;Ouro
MG;-20001;-43833;Ouro
MG;-20013;-43823;Ouro
MG;-20019;-43822;Ouro
MG;-20057;-43705;Ouro
MG;-20118;-43994;Ouro
MG;-20227;-43854;Ouro
MG;-20108;-43788;Ouro
PA;-1742;-46529;Ouro
GO;-16125;-50940;Ouro
ES;-20200;-40822;Ouro
ES;-20284;-40837;Ouro
MG;-20195;-43697;Ouro
MG;-18299;-43977;Ouro
MG;-20240;-43627;Ouro
MG;-20251;-43619;Ouro
BA;-10109;-39531;Ouro
MG;-19779;-44699;Ouro
MT;-10189;-54947;Ouro
MT;-9942;-56647;Ouro
GO;-13930;-49286;Ouro
RS;-31007;-54062;Ouro
MG;-19970;-43206;Ouro
GO;-16147;-50831;Ouro
MG;-19204;-41555;Ouro
MG;-20277;-43605;Ouro
MG;-20297;-43587;Ouro
MG;-20294;-43567;Ouro
MG;-20298;-43558;Ouro
MG;-20127;-43657;Ouro
MG;-20199;-43611;Ouro
MG;-20277;-43881;Ouro
MG;-20332;-43900;Ouro
MG;-20273;-43854;Ouro
GO;-13759;-48998;Ouro
GO;-14525;-50025;Ouro
GO;-14631;-49787;Ouro
GO;-14782;-49573;Ouro
MG;-20334;-43533;Ouro
MG;-20345;-43501;Ouro
MG;-20522;-43826;Ouro
MG;-20535;-43805;Ouro
MG;-20367;-43150;Ouro
RS;-30674;-54165;Ouro
MG;-20063;-43268;Ouro
MG;-21097;-44468;Ouro
MG;-21050;-44156;Ouro
MG;-21153;-44150;Ouro
MG;-21278;-43867;Ouro
MG;-20390;-43321;Ouro
PA;-7221;-57086;Ouro
GO;-13618;-47423;Ouro
MG;-20352;-43292;Ouro
MG;-20330;-43213;Ouro
GO;-15779;-49121;Ouro
RS;-30816;-53842;Ouro
SC;-26865;-48969;Ouro
MG;-19934;-43317;Ouro
MG;-20002;-43498;Ouro
MG;-20002;-43454;Ouro
MG;-20030;-43473;Ouro
MG;-20040;-43446;Ouro
MG;-20044;-43400;Ouro
MG;-17620;-42670;Ouro
GO;-13746;-47257;Ouro
GO;-15859;-48753;Ouro
MG;-21925;-45642;Ouro
MG;-21892;-45595;Ouro
MG;-21881;-45455;Ouro
MG;-19772;-42868;Ouro
MG;-20381;-43490;Ouro
MG;-20386;-43475;Ouro
MG;-20352;-43344;Ouro
MG;-20372;-43218;Ouro
MG;-20404;-43376;Ouro
MG;-20459;-43410;Ouro
MG;-20487;-43313;Ouro
GO;-14065;-48868;Ouro
GO;-14559;-48760;Ouro
GO;-14477;-48542;Ouro
MG;-20086;-43420;Ouro
MG;-19291;-41654;Ouro
MT;-10796;-55607;Ouro
RS;-30275;-53749;Ouro
RS;-30329;-53747;Ouro
MG;-20357;-43210;Ouro
MG;-19880;-43453;Ouro
MG;-19603;-43227;Ouro
MG;-17320;-42303;Ouro
GO;-15821;-48928;Ouro
MA;-2256;-46220;Ouro
MA;-2444;-46143;Ouro
PA;-2093;-46469;Ouro
PA;-2060;-46464;Ouro
PA;-2016;-46453;Ouro
PA;-2078;-46432;Ouro
PA;-2043;-46283;Ouro
MA;-2472;-46122;Ouro
MA;-2487;-46100;Ouro
MA;-2493;-46089;Ouro
MA;-2226;-46340;Ouro
MA;-2455;-46140;Ouro
MA;-2455;-46137;Ouro
MA;-2080;-46253;Ouro
MA;-2267;-46304;Ouro
PA;-2184;-46377;Ouro
PA;-2181;-46377;Ouro
PA;-2181;-46378;Ouro
PA;-2192;-46374;Ouro
PA;-2191;-46373;Ouro
MA;-2266;-46303;Ouro
MA;-2333;-46162;Ouro
MA;-2379;-46158;Ouro
MA;-2440;-46153;Ouro
MA;-2291;-46288;Ouro
MA;-2293;-46286;Ouro
MA;-2292;-46285;Ouro
MA;-2283;-46294;Ouro
GO;-14285;-49468;Ouro
GO;-14113;-49270;Ouro
GO;-14138;-49250;Ouro
GO;-14201;-49227;Ouro
GO;-14155;-49240;Ouro
GO;-14040;-49307;Ouro
GO;-13732;-47322;Ouro
GO;-13552;-47254;Ouro
GO;-13645;-47008;Ouro
GO;-13384;-46933;Ouro
GO;-13394;-46941;Ouro
GO;-13262;-46900;Ouro
GO;-14498;-49986;Ouro
GO;-14478;-49956;Ouro
GO;-13397;-49087;Ouro
GO;-14239;-49379;Ouro
GO;-13192;-46838;Ouro
AL;-9678;-36731;Ouro
CE;-5489;-40488;Ouro
CE;-5489;-40304;Ouro
CE;-5481;-40308;Ouro
CE;-5488;-40205;Ouro
RR;3691;-61691;Ouro
RR;3668;-61701;Ouro
PA;-6071;-57341;Ouro
AM;-6014;-58138;Ouro
AM;-6192;-58467;Ouro
PA;-6164;-57390;Ouro
PA;-6134;-57391;Ouro
PA;-5349;-57553;Ouro
PA;-5345;-57489;Ouro
PA;-5329;-57485;Ouro
AM;-5327;-57771;Ouro
PA;-5551;-57600;Ouro
PA;-5777;-57023;Ouro
AM;-5020;-57782;Ouro
PA;-5147;-57631;Ouro
AP;1013;-52179;Ouro
AP;1690;-51429;Ouro
AP;1503;-51408;Ouro
AP;1624;-51092;Ouro
AP;1972;-51652;Ouro
AP;1979;-51187;Ouro
AP;1382;-51034;Ouro
AP;1395;-51109;Ouro
AP;1358;-51096;Ouro
AP;1333;-51094;Ouro
AP;1205;-51170;Ouro
AP;1194;-51175;Ouro
AP;1331;-51144;Ouro
AP;1337;-51147;Ouro
AP;1061;-51501;Ouro
AP;1060;-51950;Ouro
AP;1056;-51890;Ouro
AP;1028;-51861;Ouro
AP;1190;-52415;Ouro
AP;1149;-52363;Ouro
AP;1145;-52320;Ouro
AP;1756;-51218;Ouro
AP;1724;-51208;Ouro
AP;1727;-51191;Ouro
AP;1725;-51166;Ouro
AP;1736;-51134;Ouro
AP;1724;-51100;Ouro
AP;1728;-51088;Ouro
AP;1726;-51061;Ouro
AP;1720;-51036;Ouro
AP;1780;-51438;Ouro
AP;1757;-51438;Ouro
AP;1093;-51491;Ouro
AP;1428;-51066;Ouro
AP;1470;-51164;Ouro
AP;1203;-51320;Ouro
AP;1747;-51029;Ouro
AP;1707;-51046;Ouro
AP;1184;-51279;Ouro
AP;1913;-51235;Ouro
AP;1755;-51439;Ouro
AP;1923;-51256;Ouro
AP;1727;-51048;Ouro
AP;1493;-51062;Ouro
AP;1674;-51269;Ouro
AP;1862;-51287;Ouro
AP;1682;-51107;Ouro
AP;1554;-51092;Ouro
AP;1523;-52491;Ouro
AP;1536;-52036;Ouro
AP;1182;-52208;Ouro
AP;1182;-52480;Ouro
AP;1145;-52359;Ouro
AP;1098;-52292;Ouro
AP;1021;-52220;Ouro
AP;1007;-52066;Ouro
AP;1850;-52177;Ouro
AP;1510;-52125;Ouro
MA;-2407;-46202;Ouro
MA;-2401;-46191;Ouro
MA;-2389;-46215;Ouro
MA;-2379;-46221;Ouro
MA;-2375;-46221;Ouro
MA;-2371;-46216;Ouro
MA;-2342;-46252;Ouro
MA;-2324;-46278;Ouro
MA;-2315;-46283;Ouro
MA;-2448;-46148;Ouro
MA;-2440;-46153;Ouro
MA;-2454;-46153;Ouro
MA;-2443;-46162;Ouro
MA;-2181;-46169;Ouro
MA;-2197;-46173;Ouro
MA;-2215;-46181;Ouro
MA;-2426;-46181;Ouro
MA;-2324;-46181;Ouro
MA;-2227;-46182;Ouro
MA;-2198;-46186;Ouro
MA;-2406;-46186;Ouro
MA;-2203;-46189;Ouro
MA;-2165;-46192;Ouro
MA;-2419;-46197;Ouro
MA;-2378;-46200;Ouro
MA;-2410;-46201;Ouro
MA;-2404;-46202;Ouro
MA;-2375;-46203;Ouro
MA;-2328;-46209;Ouro
MA;-2371;-46215;Ouro
MA;-2249;-46215;Ouro
MA;-2264;-46219;Ouro
MA;-2258;-46222;Ouro
MA;-2310;-46229;Ouro
MA;-2352;-46231;Ouro
MA;-2244;-46238;Ouro
MA;-2250;-46240;Ouro
MA;-2299;-46243;Ouro
MA;-2296;-46246;Ouro
MA;-2306;-46255;Ouro
MA;-2337;-46263;Ouro
MA;-2332;-46267;Ouro
MA;-2325;-46268;Ouro
MA;-2328;-46273;Ouro
MA;-2304;-46274;Ouro
MA;-2213;-46276;Ouro
MA;-2323;-46277;Ouro
MA;-2250;-46279;Ouro
MA;-2246;-46280;Ouro
MA;-2307;-46280;Ouro
MA;-2321;-46280;Ouro
MA;-2312;-46281;Ouro
MA;-2315;-46283;Ouro
MA;-2292;-46285;Ouro
MA;-2298;-46285;Ouro
MA;-2293;-46286;Ouro
MA;-2306;-46286;Ouro
MA;-2279;-46287;Ouro
MA;-2291;-46288;Ouro
MA;-2901;-46288;Ouro
MA;-2288;-46293;Ouro
MA;-2638;-46293;Ouro
MA;-1320;-45580;Ouro
MA;-1420;-45610;Ouro
MA;-1540;-45710;Ouro
MA;-1267;-45744;Ouro
MA;-1388;-45757;Ouro
MA;-1330;-45780;Ouro
MA;-2416;-46025;Ouro
MA;-2497;-46093;Ouro
MA;-2448;-46104;Ouro
MA;-2485;-46107;Ouro
MA;-2463;-46116;Ouro
MA;-2434;-46139;Ouro
MA;-2417;-46158;Ouro
MA;-2346;-46242;Ouro
MA;-2316;-46262;Ouro
MA;-2305;-46281;Ouro
MA;-2264;-46329;Ouro
MA;-2250;-46350;Ouro
MA;-2250;-46414;Ouro
MA;-1557;-45583;Ouro
MA;-1363;-45932;Ouro
MA;-1598;-46058;Ouro
MA;-1615;-46073;Ouro
MA;-2266;-46303;Ouro
MA;-2256;-46220;Ouro
MA;-2342;-46252;Ouro
MA;-2283;-46294;Ouro
MA;-2199;-46290;Ouro
MA;-2284;-46299;Ouro
MA;-2280;-46300;Ouro
MA;-2246;-46302;Ouro
MA;-2267;-46304;Ouro
MA;-2261;-46309;Ouro
MA;-2259;-46314;Ouro
MA;-2263;-46314;Ouro
MA;-2248;-46319;Ouro
MA;-2533;-46319;Ouro
MA;-2260;-46320;Ouro
MA;-2238;-46340;Ouro
MA;-2235;-46343;Ouro
MA;-2338;-46380;Ouro
MA;-1551;-45357;Ouro
MA;-1295;-45756;Ouro
MA;-2392;-46202;Ouro
SP;-24838;-48177;Ouro
SP;-24965;-48179;Ouro
SP;-24514;-48290;Ouro
SP;-24538;-48266;Ouro
SP;-24526;-48281;Ouro
SP;-24521;-48285;Ouro
SP;-24544;-48263;Ouro
SP;-24560;-48267;Ouro
SP;-24589;-48261;Ouro
SP;-24558;-48467;Ouro
SP;-24559;-48456;Ouro
SP;-24555;-48486;Ouro
SP;-24596;-48333;Ouro
SP;-24602;-48368;Ouro
SP;-24981;-48177;Ouro
SP;-24559;-48219;Ouro
SP;-24567;-48469;Ouro
SP;-24549;-48464;Ouro
SP;-24565;-48441;Ouro
SP;-24924;-48417;Ouro
SP;-24583;-48251;Ouro
SP;-24560;-48175;Ouro
SP;-24772;-48031;Ouro
SP;-24512;-48146;Ouro
SP;-24512;-48078;Ouro
SP;-24584;-48272;Ouro
SP;-24564;-48274;Ouro
SP;-24555;-48219;Ouro
SP;-24546;-48218;Ouro
SP;-24536;-48222;Ouro
SP;-24949;-48030;Ouro
SP;-24811;-48217;Ouro
PA;-5944;-49662;Ouro
PA;-5930;-49669;Ouro
PA;-5988;-49533;Ouro
PA;-5921;-49629;Ouro
PA;-5939;-49674;Ouro
PA;-5915;-49990;Ouro
PA;-5934;-49977;Ouro
PA;-5965;-49667;Ouro
PA;-5957;-49657;Ouro
PA;-5935;-49618;Ouro
PA;-5912;-49534;Ouro
PA;-5916;-49647;Ouro
PE;-8007;-39560;Ouro
PE;-8004;-39566;Ouro
RN;-5980;-36149;Ouro
RN;-5820;-36143;Ouro
RN;-5842;-36134;Ouro
RN;-5752;-36115;Ouro
RN;-5784;-36124;Ouro
RN;-5782;-36127;Ouro
PA;-4648;-50398;Ouro
PA;-4227;-50504;Ouro
RO;-13134;-60508;Ouro
RO;-13160;-60506;Ouro
RO;-13163;-60504;Ouro
RO;-13094;-60556;Ouro
RO;-9539;-62351;Ouro
RO;-9559;-62341;Ouro
CE;-3383;-39986;Ouro
RO;-11821;-62282;Ouro
RN;-6049;-36189;Ouro
RN;-6048;-36186;Ouro
RN;-6028;-36166;Ouro
RN;-6211;-36293;Ouro
RN;-6202;-36312;Ouro
RN;-6201;-36285;Ouro
RN;-6196;-36291;Ouro
RN;-6213;-36294;Ouro
RN;-6209;-36326;Ouro
PI;-8486;-41874;Ouro
MT;-14577;-59666;Ouro
MT;-14618;-59741;Ouro
MT;-14562;-59949;Ouro
MT;-14582;-59744;Ouro
MT;-14588;-59717;Ouro
MT;-14913;-59569;Ouro
MT;-14939;-59536;Ouro
MT;-14514;-59787;Ouro
MT;-14541;-59788;Ouro
MT;-14851;-59650;Ouro
AP;408;-51734;Ouro
AP;983;-52089;Ouro
AP;937;-52077;Ouro
AP;997;-52074;Ouro
AP;856;-51951;Ouro
AP;873;-51936;Ouro
AP;627;-51638;Ouro
AP;168;-51698;Ouro
AP;683;-51567;Ouro
AP;653;-51723;Ouro
AP;545;-51850;Ouro
AP;561;-51831;Ouro
AP;442;-51616;Ouro
AP;2395;-51711;Ouro
AP;2346;-52383;Ouro
AP;2354;-52438;Ouro
AP;2475;-52492;Ouro
AP;2840;-52344;Ouro
AP;2625;-52195;Ouro
AP;2783;-52476;Ouro
AP;2516;-51748;Ouro
AP;2528;-51729;Ouro
AP;2579;-51684;Ouro
AP;2559;-51688;Ouro
AP;2567;-51701;Ouro
AP;2563;-51705;Ouro
AP;2535;-51653;Ouro
AP;2333;-51634;Ouro
AP;2344;-51622;Ouro
AP;2376;-51654;Ouro
AP;2373;-51686;Ouro
AP;2400;-51716;Ouro
AP;2370;-51646;Ouro
AP;2293;-51667;Ouro
AP;2437;-51608;Ouro
AP;2437;-51596;Ouro
AP;2466;-51260;Ouro
AP;2084;-51394;Ouro
AP;2291;-51645;Ouro
AP;2291;-51645;Ouro
AP;2997;-51994;Ouro
AP;2882;-51579;Ouro
AP;2536;-51670;Ouro
AP;2527;-51749;Ouro
AP;2523;-51743;Ouro
AP;2532;-51732;Ouro
AP;2570;-51698;Ouro
AP;2408;-51725;Ouro
AP;2286;-51636;Ouro
AP;2286;-51636;Ouro
AP;2276;-51664;Ouro
AP;2276;-51646;Ouro
AP;2302;-51625;Ouro
AP;967;-52351;Ouro
AP;965;-52028;Ouro
AP;998;-52136;Ouro
AP;998;-52158;Ouro
AP;984;-52111;Ouro
AP;820;-51954;Ouro
AP;773;-51562;Ouro
AP;794;-51673;Ouro
AP;674;-51829;Ouro
SP;-24199;-47615;Ouro
CE;-6762;-38976;Ouro
PA;-6180;-50354;Ouro
PA;-6176;-50349;Ouro
PA;-6488;-55605;Ouro
PA;-6322;-55795;Ouro
PA;-6185;-55986;Ouro
PA;-6465;-55944;Ouro
PA;-6463;-55962;Ouro
PA;-6304;-55904;Ouro
PA;-6371;-55904;Ouro
PA;-6445;-55936;Ouro
PA;-6374;-55795;Ouro
PA;-6235;-55869;Ouro
PA;-6469;-55706;Ouro
PA;-6419;-55968;Ouro
PA;-6308;-55784;Ouro
PA;-6279;-55850;Ouro
PA;-6410;-55597;Ouro
PA;-6473;-55588;Ouro
PA;-6466;-55591;Ouro
PA;-6445;-55582;Ouro
PA;-6457;-55526;Ouro
PA;-6477;-55528;Ouro
PA;-6499;-55600;Ouro
PA;-6307;-55777;Ouro
PA;-6486;-55576;Ouro
PA;-6491;-55591;Ouro
PA;-6469;-55706;Ouro
PA;-6422;-55975;Ouro
PA;-6344;-55742;Ouro
PA;-6338;-55761;Ouro
PA;-6311;-55774;Ouro
PA;-6312;-55799;Ouro
PA;-6315;-55780;Ouro
PA;-6331;-55775;Ouro
PA;-6326;-55779;Ouro
PA;-6328;-55796;Ouro
PA;-6434;-55500;Ouro
PA;-6367;-55617;Ouro
PA;-6233;-55850;Ouro
PA;-6183;-55957;Ouro
PA;-6270;-55779;Ouro
PA;-6266;-55896;Ouro
PA;-6467;-55954;Ouro
PA;-6420;-55953;Ouro
PA;-6317;-55848;Ouro
PA;-6283;-55820;Ouro
PA;-6464;-55556;Ouro
PA;-6469;-55706;Ouro
PA;-6222;-55983;Ouro
PA;-6328;-55830;Ouro
PA;-6333;-55789;Ouro
PA;-6328;-55850;Ouro
PA;-6333;-55775;Ouro
PA;-6332;-55784;Ouro
PA;-6324;-55776;Ouro
PA;-6324;-55787;Ouro
PA;-6319;-55790;Ouro
PA;-6319;-55774;Ouro
PA;-6316;-55784;Ouro
PA;-6188;-55984;Ouro
PA;-6418;-55971;Ouro
PA;-6398;-56258;Ouro
PA;-6385;-56286;Ouro
PA;-6427;-56326;Ouro
PA;-6426;-56337;Ouro
PA;-6386;-56033;Ouro
PA;-6335;-56420;Ouro
PA;-6430;-56052;Ouro
PA;-6388;-56073;Ouro
PA;-6424;-56158;Ouro
PA;-6410;-56164;Ouro
PA;-6355;-56368;Ouro
PA;-6432;-56055;Ouro
PA;-6425;-56284;Ouro
PA;-6388;-56279;Ouro
PA;-6115;-56443;Ouro
PA;-6115;-56448;Ouro
PA;-6055;-56293;Ouro
PA;-6434;-56044;Ouro
PA;-6420;-56054;Ouro
PA;-6414;-56057;Ouro
PA;-6384;-56035;Ouro
PA;-6416;-56059;Ouro
PA;-6436;-56048;Ouro
PA;-6416;-56051;Ouro
PA;-6417;-56061;Ouro
PA;-6358;-56099;Ouro
PA;-6102;-56289;Ouro
PA;-6067;-56300;Ouro
PA;-6261;-56260;Ouro
PA;-6328;-56199;Ouro
PA;-6243;-56325;Ouro
PA;-6375;-56286;Ouro
PA;-6255;-56306;Ouro
PA;-6333;-56250;Ouro
PA;-6373;-56271;Ouro
PA;-6375;-56278;Ouro
PA;-6374;-56274;Ouro
PA;-6407;-56257;Ouro
PA;-6355;-56284;Ouro
PA;-6358;-56282;Ouro
PA;-6360;-56281;Ouro
PA;-6407;-56257;Ouro
PA;-6426;-56337;Ouro
PA;-6379;-56354;Ouro
PA;-6333;-56433;Ouro
PA;-6271;-56430;Ouro
PA;-6234;-56329;Ouro
PA;-6117;-56467;Ouro
PA;-6033;-56383;Ouro
PA;-6056;-56292;Ouro
PA;-6185;-56272;Ouro
PA;-6212;-56295;Ouro
PA;-6233;-56314;Ouro
PA;-6242;-56335;Ouro
PA;-6249;-56348;Ouro
PA;-6252;-56356;Ouro
PA;-6256;-56360;Ouro
PA;-6262;-56363;Ouro
PA;-6269;-56366;Ouro
PA;-6272;-56367;Ouro
PA;-6258;-56373;Ouro
PA;-6261;-56380;Ouro
PA;-6269;-56388;Ouro
PA;-6270;-56398;Ouro
PA;-6268;-56405;Ouro
PA;-6124;-56345;Ouro
PA;-6128;-56358;Ouro
PA;-6129;-56371;Ouro
PA;-6251;-56365;Ouro
PA;-6239;-56339;Ouro
PA;-6243;-56346;Ouro
PA;-6261;-56363;Ouro
PA;-6255;-56401;Ouro
PA;-6254;-56409;Ouro
PA;-6234;-56438;Ouro
PA;-6233;-56440;Ouro
PA;-6220;-56407;Ouro
PA;-6211;-56398;Ouro
PA;-6235;-56401;Ouro
PA;-6234;-56404;Ouro
PA;-6230;-56397;Ouro
PA;-6413;-56143;Ouro
PA;-6409;-56143;Ouro
PA;-6393;-56157;Ouro
PA;-6393;-56164;Ouro
PA;-6406;-56131;Ouro
PA;-6390;-56124;Ouro
PA;-6358;-56141;Ouro
PA;-6390;-56127;Ouro
PA;-6375;-56209;Ouro
PA;-6367;-56126;Ouro
PA;-6347;-56152;Ouro
PA;-6332;-56347;Ouro
PA;-6284;-56377;Ouro
PA;-6290;-56385;Ouro
PA;-6301;-56367;Ouro
PA;-6318;-56386;Ouro
PA;-6339;-56386;Ouro
PA;-6335;-56390;Ouro
PA;-6339;-56438;Ouro
PA;-6333;-56441;Ouro
PA;-6306;-56403;Ouro
PA;-6345;-56238;Ouro
PA;-6440;-56024;Ouro
PA;-6397;-56300;Ouro
PA;-6429;-56336;Ouro
PA;-6488;-56378;Ouro
PA;-6396;-56357;Ouro
PA;-6336;-56282;Ouro
PA;-6349;-56353;Ouro
PA;-6359;-56369;Ouro
PA;-6324;-56387;Ouro
PA;-6311;-56410;Ouro
PA;-6293;-56445;Ouro
PA;-6239;-56419;Ouro
PA;-6206;-56421;Ouro
PA;-6193;-56465;Ouro
PA;-6185;-56456;Ouro
PA;-6152;-56420;Ouro
PA;-6107;-56450;Ouro
PA;-6453;-56016;Ouro
PA;-6443;-56020;Ouro
PA;-6410;-56164;Ouro
PA;-6424;-56158;Ouro
PA;-6398;-56258;Ouro
PA;-6388;-56279;Ouro
PA;-6096;-56243;Ouro
PA;-6425;-56284;Ouro
PA;-6166;-56020;Ouro
PA;-6095;-56216;Ouro
PA;-6079;-56253;Ouro
PA;-6376;-56278;Ouro
PA;-6385;-56286;Ouro
PA;-6427;-56328;Ouro
PA;-6426;-56337;Ouro
PA;-6382;-56433;Ouro
PA;-6302;-56330;Ouro
PA;-6244;-56439;Ouro
PA;-6095;-56216;Ouro
PA;-6096;-56243;Ouro
PA;-6079;-56253;Ouro
PA;-6167;-56017;Ouro
PA;-6334;-56061;Ouro
PA;-6244;-56439;Ouro
PA;-6382;-56375;Ouro
PA;-6302;-56330;Ouro
PA;-6377;-56278;Ouro
PA;-6388;-56281;Ouro
PA;-6387;-56274;Ouro
PA;-6443;-56020;Ouro
MG;-17152;-46915;Ouro
MG;-17182;-46859;Ouro
MG;-17185;-46856;Ouro
MG;-17188;-46863;Ouro
MG;-17205;-46873;Ouro
MG;-17174;-46854;Ouro
MG;-16988;-46956;Ouro
MG;-16970;-46956;Ouro
MG;-17243;-46946;Ouro
MG;-17187;-46871;Ouro
MG;-17076;-46927;Ouro
MG;-17132;-46896;Ouro
MG;-17146;-46911;Ouro
PA;-7376;-50847;Ouro
PA;-7829;-50804;Ouro
PA;-7168;-50001;Ouro
PA;-7372;-50858;Ouro
PA;-7363;-50876;Ouro
PA;-7365;-50872;Ouro
PA;-7372;-50691;Ouro
PA;-7341;-50494;Ouro
PA;-7127;-50036;Ouro
PA;-7172;-49972;Ouro
PA;-7266;-49890;Ouro
PA;-7304;-50099;Ouro
PA;-7452;-49808;Ouro
PA;-7436;-49864;Ouro
PA;-7228;-49927;Ouro
PA;-7184;-49912;Ouro
PA;-7232;-49889;Ouro
PA;-7230;-49876;Ouro
PA;-7233;-49841;Ouro
PA;-7461;-49816;Ouro
PA;-7291;-49743;Ouro
PA;-7125;-50708;Ouro
PA;-7185;-49687;Ouro
PA;-7137;-50705;Ouro
PA;-7167;-49678;Ouro
PA;-7177;-49683;Ouro
PA;-7193;-49633;Ouro
PA;-7129;-50748;Ouro
PA;-7174;-49945;Ouro
PA;-7129;-50748;Ouro
PA;-7390;-50847;Ouro
PA;-7151;-50781;Ouro
PA;-7290;-50709;Ouro
PA;-7369;-50795;Ouro
PA;-7376;-50835;Ouro
PA;-7812;-50815;Ouro
PA;-7853;-50874;Ouro
PA;-7847;-50852;Ouro
PA;-7828;-50843;Ouro
PA;-7395;-50573;Ouro
PA;-7411;-50614;Ouro
PA;-7410;-50626;Ouro
PA;-7404;-50633;Ouro
PA;-7404;-50650;Ouro
PA;-7362;-50863;Ouro
PA;-7359;-50664;Ouro
PA;-7381;-50846;Ouro
PA;-7143;-50695;Ouro
PA;-7131;-50707;Ouro
PA;-7350;-50646;Ouro
PA;-7425;-50501;Ouro
PA;-7811;-50861;Ouro
PA;-7380;-50833;Ouro
PA;-8685;-50832;Ouro
PA;-8929;-50181;Ouro
PA;-8950;-50255;Ouro
PA;-8896;-50293;Ouro
PA;-8710;-50686;Ouro
PA;-8881;-50295;Ouro
PA;-8742;-50360;Ouro
PA;-8747;-50394;Ouro
PA;-5838;-51451;Ouro
PA;-6078;-52253;Ouro
PA;-5898;-51558;Ouro
PA;-6146;-50320;Ouro
PA;-5944;-49668;Ouro
PA;-5927;-49674;Ouro
PA;-6299;-50155;Ouro
PA;-5927;-49674;Ouro
PA;-5936;-49667;Ouro
PA;-5877;-50196;Ouro
PA;-5926;-51524;Ouro
PA;-5897;-51507;Ouro
PA;-5911;-51425;Ouro
PA;-5809;-51594;Ouro
PA;-5899;-51479;Ouro
PA;-5909;-51564;Ouro
PA;-5917;-50391;Ouro
PA;-5667;-51129;Ouro
PA;-5676;-51077;Ouro
PA;-5657;-51143;Ouro
PA;-5664;-51079;Ouro
PA;-5659;-51083;Ouro
PA;-5690;-51078;Ouro
PA;-5690;-51088;Ouro
PA;-5666;-51119;Ouro
PA;-5675;-51120;Ouro
PA;-5729;-51092;Ouro
PA;-5682;-51075;Ouro
RN;-6401;-37173;Ouro
RN;-6262;-37102;Ouro
RN;-6316;-37139;Ouro
RN;-6449;-37191;Ouro
RN;-5916;-35590;Ouro
MG;-21132;-44263;Ouro
MG;-21004;-46834;Ouro
MG;-19731;-44889;Ouro
MG;-19717;-44898;Ouro
MG;-19740;-44883;Ouro
MG;-19739;-44884;Ouro
MG;-19678;-44894;Ouro
TO;-11929;-47611;Ouro
TO;-11699;-47154;Ouro
TO;-11667;-47157;Ouro
MG;-19714;-44901;Ouro
MG;-19794;-44678;Ouro
TO;-11334;-47728;Ouro
TO;-11641;-47669;Ouro
TO;-11930;-47610;Ouro
TO;-11620;-47751;Ouro
TO;-11587;-47727;Ouro
TO;-11065;-47559;Ouro
GO;-16347;-50808;Ouro
GO;-16456;-49959;Ouro
MT;-10023;-59507;Ouro
MT;-10045;-59510;Ouro
MT;-10118;-59576;Ouro
MT;-10055;-59494;Ouro
MT;-10059;-59491;Ouro
MT;-10133;-59200;Ouro
MT;-10078;-59499;Ouro
AM;-7075;-61287;Ouro
AM;-7097;-60068;Ouro
BA;-15947;-39562;Ouro
PA;-296;-53869;Ouro
PA;-298;-53043;Ouro
PA;-298;-53043;Ouro
PA;-87;-53113;Ouro
PA;-10;-53166;Ouro
PA;-73;-53311;Ouro
PA;-198;-53163;Ouro
PA;-147;-53279;Ouro
PA;-70;-53232;Ouro
PA;-241;-52955;Ouro
PA;-42;-53159;Ouro
PA;-108;-53312;Ouro
BA;-10691;-40378;Ouro
BA;-10696;-40375;Ouro
BA;-10637;-40363;Ouro
BA;-10700;-40373;Ouro
BA;-10827;-40407;Ouro
BA;-11225;-40518;Ouro
BA;-11194;-40506;Ouro
